id,title,thumbnail,short_description,game_url,genre,platform,publisher,developer,release_date,profile_url
1238,World of Tanks: HEAT,https://www.mmobomb.com/g/1238/thumbnail.jpg,A free-to-play PvP action game.,https://www.mmobomb.com/open/world-of-tanks-heat,Shooter,PC (Windows),Wargaming Group Limited,Wargaming Group Limited,2026-05-26,https://www.mmobomb.com/world-of-tanks-heat
1235,Neverness to Everness,https://www.mmobomb.com/g/1235/thumbnail.jpg,A free-to-play open-world supernatural urban adventure game with GTA vibes.,https://www.mmobomb.com/open/nte,RPG,PC (Windows),Perfect World Entertainment,Hotta Studio,2026-04-29,https://www.mmobomb.com/nte
1187,Throne and Liberty,https://www.mmobomb.com/g/1187/thumbnail.jpg,"NCSoft's next big MMORPG release goes global, guild sieges and all.",https://www.mmobomb.com/open/throne-and-liberty,MMORPG,PC (Windows),Amazon Games,NCSoft,2024-10-01,https://www.mmobomb.com/throne-and-liberty
1113,PUBG: Battlegrounds,https://www.mmobomb.com/g/1113/thumbnail.jpg,"Battle the odds in a 100v1 death match in PUBG: Battlegrounds, the classic free-to-play battle royale experience.",https://www.mmobomb.com/open/pubg,Shooter,PC (Windows),"KRAFTON, Inc.","KRAFTON, Inc.",2022-01-12,https://www.mmobomb.com/pubg
340,Game Of Thrones Winter Is Coming,https://www.mmobomb.com/g/340/thumbnail.jpg,"Fame and glory await you in Westeros, in Game of Thrones: Winter Is Coming, the officially licensed free-to-play browser game based on the epic fantasy series by George R.R. Martin.",https://www.mmobomb.com/open/game-of-thrones-winter-is-coming,Strategy,Web Browser,GTArcade,YOOZOO Games,2019-11-14,https://www.mmobomb.com/game-of-thrones-winter-is-coming
508,Enlisted,https://www.mmobomb.com/g/508/thumbnail.jpg,"Step into the most famous battles of World War II in Enlisted, a free-to-play shooter from the makers of War Thunder. Experience squad-based combat from the ground level, as you command your troops, outfitted with era-authentic weapons and gear, in massive battles with over a hundred soldiers apiece.",https://www.mmobomb.com/open/enlisted,Shooter,PC (Windows),Gaijin Entertainment,Darkflow Software,2021-04-08,https://www.mmobomb.com/enlisted
5,Crossout,https://www.mmobomb.com/g/5/thumbnail.jpg,"Trick out your ride and take to the post-apocalyptic roads for battle in Crossout, the free-to-play vehicular combat game from Gaijin Entertainment!",https://www.mmobomb.com/open/crossout,Shooter,PC (Windows),Targem,Gaijin,2017-05-30,https://www.mmobomb.com/crossout
2,World of Tanks,https://www.mmobomb.com/g/2/thumbnail2.jpg,"Created by the strategy masterminds at Wargaming, this is a MMO shooter with a lot of tactical elements to be taken into consideration.",https://www.mmobomb.com/open/world-of-tanks,Shooter,PC (Windows),Wargaming,Wargaming,2011-04-12,https://www.mmobomb.com/world-of-tanks
1239,Crystal Saga Nova,https://www.mmobomb.com/g/1239/thumbnail.jpg,A free-to-play browser-based fantasy MMORPG.,https://www.mmobomb.com/open/crystal-saga-nova,MMORPG,Web Browser,R2Games,R2Games,2026-05-26,https://www.mmobomb.com/crystal-saga-nova
9,World of Warships,https://www.mmobomb.com/g/9/thumbnail.jpg,World of Warships is a free-to-play 3D naval action MMO (developed by the team that created World of Tanks) based on epic sea battles of the 20th century. World of Warships will let players take control of a large selection of warships and wage naval war in scenarios based on the biggest boat battles of the 20th Century.,https://www.mmobomb.com/open/world-of-warships,Shooter,PC (Windows),Wargaming,Wargaming,2015-07-02,https://www.mmobomb.com/world-of-warships
1226,Where Winds Meet,https://www.mmobomb.com/g/1226/thumbnail.jpg,Open-world action-adventure RPG set in ancient China!,https://www.mmobomb.com/open/where-winds-meet,RPG,PC (Windows),NetEase Games,Everstone Studio,2025-11-14,https://www.mmobomb.com/where-winds-meet
1237,World of Sea Battle,https://www.mmobomb.com/g/1237/thumbnail.jpg,A free-to-play open-world MMORPG set in the Golden Age of Sail.,https://www.mmobomb.com/open/world-of-sea-battle,MMORPG,PC (Windows),Thera Interactive,Thera Interactive,2025-10-21,https://www.mmobomb.com/world-of-sea-battle
1170,THE FINALS,https://www.mmobomb.com/g/1170/thumbnail.jpg,"The world is watching and if you want to gain fans, you'll need to do more than just shoot your way to victory.",https://www.mmobomb.com/open/the-finals,Shooter,PC (Windows),Embark Studios,Embark Studios,2023-12-07,https://www.mmobomb.com/the-finals
1160,Palia,https://www.mmobomb.com/g/1160/thumbnail.jpg,"Get your cozy MMO on as you work to build your house, collect bugs, fish, and help out friends.",https://www.mmobomb.com/open/palia,MMORPG,PC (Windows),Singularity Six,Singularity Six,2023-08-10,https://www.mmobomb.com/palia
475,Genshin Impact,https://www.mmobomb.com/g/475/thumbnail.jpg,Explore a bright and fantastical anime-styled world in miHoYo's free-to-play online RPG Genshin Impact.,https://www.mmobomb.com/open/genshin-impact,Action RPG,PC (Windows),miHoYo,miHoYo,2020-09-28,https://www.mmobomb.com/genshin-impact
21,Destiny 2,https://www.mmobomb.com/g/21/thumbnail.jpg,"Embark on a heroic quest to save humanity in Bungie's epic sci-fi MMO shooter Destiny 2, now free-to-play.",https://www.mmobomb.com/open/destiny-2,Shooter,PC (Windows),Bungie,Bungie,2019-10-01,https://www.mmobomb.com/destiny-2
1140,Battle Arena,https://www.mmobomb.com/g/1140/thumbnail.jpg,Battle in PvP real time slap fights in a MOBA with some RPG elements.,https://www.mmobomb.com/open/battle-arena,Strategy,Web Browser,eSpirit Games,eSpirit Games,2017-12-05,https://www.mmobomb.com/battle-arena
12,War Thunder,https://www.mmobomb.com/g/12/thumbnail.jpg,"War Thunder is an MMO combat game dedicated to World War II military aviation, armored vehicles, and fleets.",https://www.mmobomb.com/open/war-thunder,Shooter,PC (Windows),Gaijin Entertainment,Gaijin Entertainment,2013-08-15,https://www.mmobomb.com/war-thunder
1242,Ragnarok: The New World,https://www.mmobomb.com/g/1242/thumbnail.jpg,"A free-to-play open-world, cross-platform games set in the Ragnarok universe.",https://www.mmobomb.com/open/ragnarok-the-new-world,MMORPG,PC (Windows),Gravity Game Vision Limited,Gravity Game Vision Limited,2026-07-27,https://www.mmobomb.com/ragnarok-the-new-world
1125,Tower of Fantasy,https://www.mmobomb.com/g/1125/thumbnail.jpg,"Tower of Fantasy brings the MMORPG experience to PC and mobile with a F2P, splashy, anime-esque style.",https://www.mmobomb.com/open/tower-of-fantasy,MMORPG,PC (Windows),Level Infinite,Hotta Studio,2022-08-10,https://www.mmobomb.com/tower-of-fantasy
452,Call of Duty: Warzone,https://www.mmobomb.com/g/452/thumbnail.jpg,"One of the most popular FPSes in the world is now a free-to-play battle royale: Call of Duty: Warzone. Strive to become the last squad standing in Battle Royale mode, where 150 players loot and shoot their way through an ever-shrinking battlefield; or complete contracts and try to escape with the most cash in Plunder mode.",https://www.mmobomb.com/open/call-of-duty-warzone,Shooter,PC (Windows),Activision,Infinity Ward,2020-03-10,https://www.mmobomb.com/call-of-duty-warzone
3,Warframe,https://www.mmobomb.com/g/3/thumbnail.jpg,"Warframe is a free to play sci-fi co-op 3rd-person shooter being developed by Digital Extremes, the makers of The Darkness 2.",https://www.mmobomb.com/open/warframe,Shooter,PC (Windows),Digital Extremes,Digital Extremes,2013-03-25,https://www.mmobomb.com/warframe
13,Guild Wars 2,https://www.mmobomb.com/g/13/thumbnail.jpg,Guild Wars 2 represents ArenaNet's attempt to turn MMO convention on its ears and create an engaging game for players of all skill levels and play styles.,https://www.mmobomb.com/open/guild-wars-2,MMORPG,PC (Windows),NCsoft,ArenaNet,2012-08-28,https://www.mmobomb.com/guild-wars-2
1223,Battlefield REDSEC,https://www.mmobomb.com/g/1223/thumbnail.jpg,"REDSEC is a free-to-play FPS built on Battlefield’s core mechanics, feautring Battle Royale, Gauntlet, and Portal game modes.",https://www.mmobomb.com/open/battlefield-redsec,Shooter,PC (Windows),Electronic Arts,Battlefield Studios,2025-10-28,https://www.mmobomb.com/battlefield-redsec
1205,Wuthering Waves,https://www.mmobomb.com/g/1205/thumbnail.jpg,Wuthering Waves is an open-world action RPG with a lot of freedom to explore. Players wake up as Rover and team up with powerful allies called Resonators to recover lost memories and help change the world.,https://www.mmobomb.com/open/wuthering-waves,RPG,PC (Windows),KURO GAMES,KURO GAMES,2025-04-28,https://www.mmobomb.com/wuthering-waves
1119,Flyff Universe,https://www.mmobomb.com/g/1119/thumbnail.jpg,Flyff Universe uses an updated graphics engine to merge some fan favorite features! Experience the Anime MMORPG anywhere through any browser.,https://www.mmobomb.com/open/flyff-universe,MMORPG,Web Browser,Gala Lab,SNIEGU Technologies,2022-06-14,https://www.mmobomb.com/flyff-universe
523,Lost Ark,https://www.mmobomb.com/g/523/thumbnail.jpg,Journey throughout the realm of Arkesia and do battle against a demon invasion in Smilegate's free-to-play ARPG Lost Ark!,https://www.mmobomb.com/open/lost-ark,ARPG,PC (Windows),Amazon Games,Smilegate,2022-02-11,https://www.mmobomb.com/lost-ark
466,Valorant,https://www.mmobomb.com/g/466/thumbnail.jpg,"Valorant is Riot Games' free-to-play competitive 5v5 tactical shooter, where you'll need strong gunplay and timely use of abilities to come out on top. Choose your character and participate in matches up to 25 rounds long, taking turns as attackers and defenders.",https://www.mmobomb.com/open/valorant,Shooter,PC (Windows),Riot Games,Riot Games,2020-06-02,https://www.mmobomb.com/valorant
467,Phantasy Star Online 2,https://www.mmobomb.com/g/467/thumbnail.jpg,"Phantasy Star Online 2 is a free to play 3D MMORPG published by SEGA. Based on the original Dreamcast and Gamecube series, Phantasy Star Online 2 offers players the chance to visit detailed worlds and fight hundreds of interesting enemies.",https://www.mmobomb.com/open/phantasy-star-online-2,MMORPG,PC (Windows),SEGA,SEGA,2020-05-27,https://www.mmobomb.com/phantasy-star-online-2
23,Apex Legends,https://www.mmobomb.com/g/23/thumbnail.jpg,Apex Legends is a free-to-play battle royale set in the Titanfall universe and taking place after the events of Titanfall 2.,https://www.mmobomb.com/open/apex-legends,Shooter,PC (Windows),Electronic Arts,Electronic Arts,2019-02-04,https://www.mmobomb.com/apex-legends
57,Fortnite,https://www.mmobomb.com/g/57/thumbnail.jpg,"Like other classic battle royale games, you'll be dropped into the world and forced to scavenge and survive.",https://www.mmobomb.com/open/fortnite-battle-royale,Shooter,PC (Windows),Epic Games,Epic Games,2017-09-26,https://www.mmobomb.com/fortnite-battle-royale
449,Albion Online,https://www.mmobomb.com/g/449/thumbnail.jpg,"Albion Online is a 3D sandbox MMORPG with player freedom being at the center of the game. Players will be able to claim land, build a house, gather resources, craft items which they can use or sell, and engage in Guild vs Guild or open world PVP.",https://www.mmobomb.com/open/albion-online,MMORPG,PC (Windows),Sandbox Interactive GmbH,Sandbox Interactive GmbH,2017-07-17,https://www.mmobomb.com/albion-online
1218,Hero Wars: Dominion Era,https://www.mmobomb.com/g/1218/thumbnail.jpg,A free-to-play browser MMORPG where players assemble teams of heroes to battle against powerful enemies.,https://www.mmobomb.com/open/hero-wars,MMORPG,Web Browser,Nexters,Nexters,2016-10-01,https://www.mmobomb.com/hero-wars
224,World of Warplanes,https://www.mmobomb.com/g/224/thumbnail.jpg,World of Warplanes is the flight combat MMO action game set in the Golden Age of military aviation. The game continues the armored warfare theme marked in World of Tanks and will throw players into a never-ending tussle for air dominance.,https://www.mmobomb.com/open/world-of-warplanes,Shooter,PC (Windows),Wargaming,Wargaming,2013-11-12,https://www.mmobomb.com/world-of-warplanes
225,RIFT,https://www.mmobomb.com/g/225/thumbnail.jpg,"Rift, a once Pay-to-play MMORPG now Free to Play by Trion Worlds is set in a world being torn apart by mystical energies.",https://www.mmobomb.com/open/rift,MMORPG,PC (Windows),Trion Worlds,Trion Worlds,2013-10-24,https://www.mmobomb.com/rift
257,Star Wars: The Old Republic,https://www.mmobomb.com/g/257/thumbnail.jpg,Star Wars: The Old Republic (SWTOR) is a free to play 3D Sci-Fi MMORPG based on the popular Star Wars universe.,https://www.mmobomb.com/open/swtor,MMORPG,PC (Windows),Electronic Arts,Bioware,2011-12-20,https://www.mmobomb.com/swtor
320,Dungeons and Dragons Online,https://www.mmobomb.com/g/320/thumbnail.jpg,Dungeons & Dragons Online (DDO) is a free-to-play 3D Fantasy MMORPG based on the classic Dungeons and Dragons (D&D) tabletop role playing game.,https://www.mmobomb.com/open/dungeons-dragons-online,MMORPG,PC (Windows),Warner Bros. Interactive,"Turbine, Inc.",2006-02-28,https://www.mmobomb.com/dungeons-dragons-online
251,The Lord of the Rings Online,https://www.mmobomb.com/g/251/thumbnail.jpg,The Lord of the Rings Online (LOTRO) is a free-to-play massively multiplayer online roleplaying game based on the books of J.R.R. Tolkien.,https://www.mmobomb.com/open/lotro,MMORPG,PC (Windows),Warner Bros. Interactive Entertainment,"Turbine, Inc.",2001-04-24,https://www.mmobomb.com/lotro
433,RuneScape,https://www.mmobomb.com/g/433/thumbnail.jpg,"RuneScape is one of the most popular free-to-play Browser MMORPG, from the British development studio Jagex. Set in a detailed, medieval fantasy world of epic scale both geographically and historically, RuneScape proudly draws its inspiration from classic role-playing games to deliver a contemporary, innovative and original experience for millions of players across the globe, with a popular subscription option of even greater scale and ambition, both running directly within almost any computer’s browser.",https://www.mmobomb.com/open/runescape,MMORPG,"PC (Windows), Web Browser",Jagex,Jagex,2001-01-04,https://www.mmobomb.com/runescape
350,Goodgame Empire,https://www.mmobomb.com/g/350/thumbnail.jpg," Goodgame Empire is a browser-based MMO Strategy game by Goodgame Studios. Design and build your own Medieval castle, create a powerful army, and fight against other players on a dynamic world map as you attempt to conquer the four kingdoms and unite them under your rule.",https://www.mmobomb.com/open/goodgame-empire,Strategy,Web Browser,Goodgame Studios,Goodgame Studios,2011-08-14,https://www.mmobomb.com/goodgame-empire
1191,Brighter Shores,https://www.mmobomb.com/g/1191/thumbnail.jpg,"If you are a Runescape fan, you may want to check out the latest MMORPG project from its creator.",https://www.mmobomb.com/open/brighter-shores,MMORPG,PC (Windows),Fen Research LTD,Fen Research LTD,2024-11-06,https://www.mmobomb.com/brighter-shores
1118,Diablo Immortal,https://www.mmobomb.com/g/1118/thumbnail.jpg,Diablo Immortal is an all-new massively multiplayer online action RPG and Blizzard’s long advertised mobile Diablo experience (that totally was not coming to PC) comes to PC complete with all the demon slaying and looting you could want.,https://www.mmobomb.com/open/diablo-immortal,MMOARPG,PC (Windows),Activision Blizzard,Blizzard Entertainment,2022-06-02,https://www.mmobomb.com/diablo-immortal
519,Halo Infinite,https://www.mmobomb.com/g/519/thumbnail.jpg,Step into the boots of a fresh Spartan and fight for galactic supremacy in free-to-play Halo Infinite Multiplayer,https://www.mmobomb.com/open/halo-infinite,Shooter,PC (Windows),Xbox Game Studios,343 Industries,2021-11-15,https://www.mmobomb.com/halo-infinite
310,Team Fortress 2,https://www.mmobomb.com/g/310/thumbnail.jpg,"One of the most popular online games of all time, TF2 delivers constant free updates and most importantly, hats.",https://www.mmobomb.com/open/team-fortress-2,Shooter,PC (Windows),Valve,Valve,2007-10-10,https://www.mmobomb.com/team-fortress-2
1243,Soul's Remnant,https://www.mmobomb.com/g/1243/thumbnail.jpg,A free-to-play indie 2D platformer MMORPG.,https://www.mmobomb.com/open/souls-remnant,MMORPG,PC (Windows),Chaomoon,Chaomoon,2026-08-13,https://www.mmobomb.com/souls-remnant
1240,Gloria Victis,https://www.mmobomb.com/g/1240/thumbnail.jpg,A free-to-play medieval open-world MMORPG from gamigo.,https://www.mmobomb.com/open/gloria-victis,MMORPG,PC (Windows),Gamigo,Gamigo,2026-06-17,https://www.mmobomb.com/gloria-victis
1241,RF Online Next,https://www.mmobomb.com/g/1241/thumbnail.jpg,A Sci-Fi MMORPG in which machines have taken over.,https://www.mmobomb.com/open/rf-online-next,MMORPG,PC (Windows),Netmarble,Netmarble,2026-06-15,https://www.mmobomb.com/rf-online-next
1236,The Division Resurgence,https://www.mmobomb.com/g/1236/thumbnail.jpg,A free-to-play shooter set in New York.,https://www.mmobomb.com/open/the-division-resurgence,Shooter,PC (Windows),Ubisoft,Ubisoft,2026-04-29,https://www.mmobomb.com/the-division-resurgence
1234,The Seven Deadly Sins: Origin,https://www.mmobomb.com/g/1234/thumbnail.jpg,A free-to-play action RPG based on the manga and anime of the same name.,https://www.mmobomb.com/open/the-seven-deadly-sins-origin,RPG,PC (Windows),Netmarble,Netmarble F&C,2026-03-16,https://www.mmobomb.com/the-seven-deadly-sins-origin
1231,Heartopia,https://www.mmobomb.com/g/1231/thumbnail.jpg,A cozy social game developed by XD.,https://www.mmobomb.com/open/heartopia,Social,PC (Windows),XD International,XD International,2026-01-16,https://www.mmobomb.com/heartopia
1219,2XKO,https://www.mmobomb.com/g/1219/thumbnail.jpg,"2XKO is a 2v2 tag-team fighting game with explosive teamwork and fast, intuitive controls.",https://www.mmobomb.com/open/2xko,Fighting,PC (Windows),Riot Games,Riot Games,2025-10-07,https://www.mmobomb.com/2xko
1220,Blue Protocol: Star Resonance,https://www.mmobomb.com/g/1220/thumbnail.jpg,"Blue Protocol: Star Resonance is an anime-style action MMORPG where you can raid, craft, fish, and explore the vibrant world of Regnus with others with friends. ",https://www.mmobomb.com/open/blue-protocol-star-resonance,MMORPG,PC (Windows),A Plus,Shanghai Bokura Network Technology,2025-10-09,https://www.mmobomb.com/blue-protocol-star-resonance
1222,RAVEN2,https://www.mmobomb.com/g/1222/thumbnail.jpg,"RAVEN2 is a dark fantasy MMORPG that features a vast open world, immersive storytelling, and massive cross-platform battles.",https://www.mmobomb.com/open/raven2,MMORPG,PC (Windows),Netmarble,Netmarble,2025-10-20,https://www.mmobomb.com/raven2
1224,Superball,https://www.mmobomb.com/g/1224/thumbnail.jpg,Superball is a futuristic 3v3 sports game that combines elements of football and hero-based action.,https://www.mmobomb.com/open/superball,Sports,PC (Windows),Logoi Games,Pathea Games,2025-10-28,https://www.mmobomb.com/superball
1213,Arena Breakout: Infinite,https://www.mmobomb.com/g/1213/thumbnail.jpg,"Arena Breakout: Infinite is a hardcore tactical extraction shooter where players fight, loot, and risk everything in intense PvPvE raids with realistic visuals and sound.",https://www.mmobomb.com/open/arena-breakout-infinite,Shooter,PC (Windows),Morefun Studios,Morefun Studios,2025-09-15,https://www.mmobomb.com/arena-breakout-infinite
1214,Warborne Above Ashes,https://www.mmobomb.com/g/1214/thumbnail.jpg,"Warborne Above Ashes is a 24/7 real-time PvP MMO where players become Driftmasters, ride massive behemoths, lead warbands, and battle across ever-changing, rule-free battlefields with thousands of others.",https://www.mmobomb.com/open/warborne-above-ashes,Strategy,PC (Windows),Qooland Games,Qooland Games,2025-09-18,https://www.mmobomb.com/warborne-above-ashes
1215,Eterspire,https://www.mmobomb.com/g/1215/thumbnail.jpg,"Eterspire is a free-to-play, cross-platform MMORPG where players progress through skill and dedication while enjoying biweekly content updates and crossplay on PC and mobile.",https://www.mmobomb.com/open/eterspire,MMORPG,PC (Windows),Stonehollow Workshop,Stonehollow Workshop,2025-09-15,https://www.mmobomb.com/eterspire
1216,skate.,https://www.mmobomb.com/g/1216/thumbnail.jpg,"Skate. features the dynamic online city of San Vansterdam where players can skate, customize, create, and connect through cross-play and evolving seasonal updates.",https://www.mmobomb.com/open/skate,Sports,PC (Windows),Electronic Arts,Full Circle,2025-09-16,https://www.mmobomb.com/skate
1217,Blade & Soul Heroes,https://www.mmobomb.com/g/1217/thumbnail.jpg,"Blade & Soul Heroes is a free-to-play collectible action MMORPG that blends turn-based strategy with real-time action, offering cross-platform play, epic quests, and team-based adventures.",https://www.mmobomb.com/open/blade-soul-heroes,MMORPG,PC (Windows),NCSOFT,NCSOFT,2025-09-24,https://www.mmobomb.com/blade-soul-heroes
1210,Dfiance,https://www.mmobomb.com/g/1210/thumbnail.jpg,"Dfiance is a free-to-play card game where players battle across multi-lane arenas using strategic deck-building, precise timing, and tactical formations.",https://www.mmobomb.com/open/dfiance,Card Game,PC (Windows),Dfiance,Dfiance,2025-08-05,https://www.mmobomb.com/dfiance
1212,Dungeon Stalkers,https://www.mmobomb.com/g/1212/thumbnail.jpg,"Dungeon Stalkers is a PvEvP dungeon crawler where you explore cursed dungeons, battle monsters and rival adventurers with your companions, collect loot and gear, and escape before the witch’s curse claims you.",https://www.mmobomb.com/open/dungeon-stalkers,Dungeon Crawler,PC (Windows),ONEUNIVERSE,ONEUNIVERSE,2025-08-12,https://www.mmobomb.com/dungeon-stalkers
1208,Mecha BREAK,https://www.mmobomb.com/g/1208/thumbnail.jpg,Mecha BREAK is a free-to-play mech shooter that fuses large-scale PvP and PvPvE battles with rich customization and a post-apocalyptic sci-fi world.,https://www.mmobomb.com/open/mecha-break,Shooter,PC (Windows),Amazing Seasun Games,Amazing Seasun Games,2025-07-01,https://www.mmobomb.com/mecha-break
1209,Terminull Brigade,https://www.mmobomb.com/g/1209/thumbnail.jpg,Terminull Brigade is a co-op action-roguelike hero shooter where players dive into glitching digital worlds to battle rogue algorithms and free the Nullverse.,https://www.mmobomb.com/open/terminull-brigade,Shooter,PC (Windows),Level Infinite,Pew Pew Games,2025-07-29,https://www.mmobomb.com/terminull-brigade
1229,Dragon Ball Gekishin Squadra,https://www.mmobomb.com/g/1229/thumbnail.jpg,A free-to-play multiplayer online battle arena game based on the Dragon Ball IP.,https://www.mmobomb.com/open/dragon-ball-gekishin-squadra,MOBA,PC (Windows),Bandai Namco Entertainment,"GANBARION Co., Ltd.",2025-06-04,https://www.mmobomb.com/dragon-ball-gekishin-squadra
1206,Crystal of Atlan,https://www.mmobomb.com/g/1206/thumbnail.jpg,"A ""magicpunk"" MMO Action RPG where you and your allies build skills, battle enemies, and uncover the secrets of a wondrous world powered by magic and machinery.",https://www.mmobomb.com/open/crystal-of-atlan,MMORPG,PC (Windows),Skystone Games,Nuverse Pte.Ltd.,2025-05-26,https://www.mmobomb.com/crystal-of-atlan
1207,Splitgate: Arena Reloaded,https://www.mmobomb.com/g/1207/thumbnail.jpg,Splitgate: Arena Reloaded is a free-to-play competitive first-person shooter that combines gunplay with portals for fast-paced action.,https://www.mmobomb.com/open/splitgate-arena-reloaded,Shooter,PC (Windows),1047 Games,1047 Games,2025-05-22,https://www.mmobomb.com/splitgate-arena-reloaded
1201,Steel Hunters,https://www.mmobomb.com/g/1201/thumbnail.jpg,Grab a mech and a friend and work together to ensure your survival.,https://www.mmobomb.com/open/steel-hunters,Shooter,PC (Windows),Wargaming Group Limited,Wargaming Group Limited,2025-04-02,https://www.mmobomb.com/steel-hunters
1202,Odin: Valhalla Rising,https://www.mmobomb.com/g/1202/thumbnail.jpg,Nordic mythology MMORPG fun in an open world on your PC or on the go.,https://www.mmobomb.com/open/odin-valhalla-rising,MMORPG,PC (Windows),Kakao Games,Lionheart Studio,2025-04-29,https://www.mmobomb.com/odin-valhalla-rising
1204,The Lost Glitches,https://www.mmobomb.com/g/1204/thumbnail.jpg,"A card game that claims to reward ""true TCG enthusiasts who take pride in their strategic brilliance.""",https://www.mmobomb.com/open/the-lost-glitches,Card Game,PC (Windows),Mimunga LLC,Honig Studios GmbH,2025-04-29,https://www.mmobomb.com/the-lost-glitches
1199,War Robots: Frontiers,https://www.mmobomb.com/g/1199/thumbnail.jpg,Plan your mech strategy in PvP as both the pilot and the engineer of your own high-tech machine.,https://www.mmobomb.com/open/war-robots-frontiers,Shooter,PC (Windows),MY.GAMES,MY.GAMES,2025-03-04,https://www.mmobomb.com/war-robots-frontiers
1200,FragPunk,https://www.mmobomb.com/g/1200/thumbnail.jpg,"5v5 hero shooters are all the rage right now, but FragPunk thinks it can ""break the rules.""",https://www.mmobomb.com/open/fragpunk,Shooter,PC (Windows),Bad Guitar Studio,Bad Guitar Studio,2025-03-06,https://www.mmobomb.com/fragpunk
1195,Marvel Rivals,https://www.mmobomb.com/g/1195/thumbnail.jpg,"Marvel IP and a hero-shooter, could there be a better free-to-play combo?",https://www.mmobomb.com/open/marvel-rivals,Shooter,PC (Windows),NetEase Games,NetEase Games,2024-12-06,https://www.mmobomb.com/marvel-rivals
1196,Path of Exile 2,https://www.mmobomb.com/g/1196/thumbnail.jpg,One of the most successful ARPGs out there gets a follow-up title 11 years later.,https://www.mmobomb.com/open/path-of-exile-2,ARPG,PC (Windows),Grinding Gear Games,Grinding Gear Games,2024-12-06,https://www.mmobomb.com/path-of-exile-2
1197,Delta Force,https://www.mmobomb.com/g/1197/thumbnail.jpg,The Delta Force name is back and this time it's experimenting with extraction gameplay.,https://www.mmobomb.com/open/delta-force,Shooter,PC (Windows),TiMi Studio Group,Team Jade,2024-12-04,https://www.mmobomb.com/delta-force
1193,Strinova,https://www.mmobomb.com/g/1193/thumbnail.jpg,Shift between 2D and 3D to get the jump on opponents in this hero shooter.,https://www.mmobomb.com/open/strinova,Shooter,PC (Windows),iDreamSky,iDreamSky,2024-11-21,https://www.mmobomb.com/strinova
1194,SUPERVIVE,https://www.mmobomb.com/g/1194/thumbnail.jpg,Mash up multiple game types and see what a team of veteran PvP game designers creates.,https://www.mmobomb.com/open/supervive,MOBA,PC (Windows),Theorycraft Games,Theorycraft Games,2024-11-20,https://www.mmobomb.com/supervive
571,Starborne: Frontiers,https://www.mmobomb.com/g/571/thumbnail.jpg,"Build your space empire in Starborne, a free-to-play sci-fi MMO strategy game",https://www.mmobomb.com/open/starborne,Strategy,PC (Windows),Solid Clouds,Solid Clouds,2024-10-14,https://www.mmobomb.com/starborne
1189,Return Alive,https://www.mmobomb.com/g/1189/thumbnail.jpg,KOG Games tries their hand at a Top-down Tactical Shooter Game for the first time.,https://www.mmobomb.com/open/return-alive,Shooter,PC (Windows),KOG Games,KOG Games,2024-10-23,https://www.mmobomb.com/return-alive
581,Vigor,https://www.mmobomb.com/g/581/thumbnail.jpg,"Loot, build, and survive in Vigor a free-to-play post-apocalyptic game!",https://www.mmobomb.com/open/vigor,Shooter,PC (Windows),Bohemia Interactive,Bohemia Interactive,2024-09-18,https://www.mmobomb.com/vigor
1185,Spectre Divide,https://www.mmobomb.com/g/1185/thumbnail.jpg,The team depends on you even more in this competitive shooter since you control 2 players at once.,https://www.mmobomb.com/open/spectre-divide,Shooter,PC (Windows),Mountaintop Studios,Mountaintop Studios,2024-09-03,https://www.mmobomb.com/spectre-divide
1184,Stormgate,https://www.mmobomb.com/g/1184/thumbnail.jpg,A new real-time strategy title crafted by veterans of some of the genre's classics.,https://www.mmobomb.com/open/stormgate,Strategy,PC (Windows),Frost Giant Studios,Frost Giant Studios,2024-08-13,https://www.mmobomb.com/stormgate
1198,Smite 2,https://www.mmobomb.com/g/1198/thumbnail.jpg,"Bringing the 3rd person MOBA to a new engine with new features, gods, and some updates to old favorites.",https://www.mmobomb.com/open/smite-2,MOBA,PC (Windows),Hi-Rez Studios,Titan Forge Games,2024-08-27,https://www.mmobomb.com/smite-2
1182,The First Descendant,https://www.mmobomb.com/g/1182/thumbnail.jpg,Push back against the Vulgus with your Descendant of choice in this free-to-play PvE-only looter-shooter.,https://www.mmobomb.com/open/the-first-descendant,Shooter,PC (Windows),NEXON,NEXON Games Co. Ltd.,2024-07-02,https://www.mmobomb.com/the-first-descendant
1183,Once Human,https://www.mmobomb.com/g/1183/thumbnail.jpg,Time to remake the world and uncover a few conspiracies along the way.,https://www.mmobomb.com/open/once-human,Shooter,PC (Windows),Starry Studio,Starry Studio,2024-07-09,https://www.mmobomb.com/once-human
1188,BATTLE CRUSH,https://www.mmobomb.com/g/1188/thumbnail.jpg,Duke it out with the gods to become the sole survivor in a fast-paced battle royale brawl.,https://www.mmobomb.com/open/battle-crush,Battle Royale,PC (Windows),NCSOFT Corporation,NCSOFT Corporation,2024-06-27,https://www.mmobomb.com/battle-crush
1179,ScreenPlay CCG,https://www.mmobomb.com/g/1179/thumbnail.jpg,Make the movie of your dreams while squashing your opponent's movie making dreams.,https://www.mmobomb.com/open/screenplay-ccg,Card Game,PC (Windows),Comico Games,Comico Games,2024-05-13,https://www.mmobomb.com/screenplay-ccg
1186,Sky: Children of the Light,https://www.mmobomb.com/g/1186/thumbnail.jpg,"Take a beautiful trip through a wonderous world from the creators of ""Journey.""",https://www.mmobomb.com/open/sky-children-of-the-light,MMORPG,PC (Windows),thatgamecompany,thatgamecompany,2024-04-10,https://www.mmobomb.com/sky-children-of-the-light
1177,Predecessor,https://www.mmobomb.com/g/1177/thumbnail.jpg,"From the ashes of Paragon comes a new, third-person MOBA, Predecessor.",https://www.mmobomb.com/open/predecessor,MOBA,PC (Windows),Omeda Studios,Omeda Studios,2024-03-28,https://www.mmobomb.com/predecessor
1178,Project Apidom,https://www.mmobomb.com/g/1178/thumbnail.jpg,Let's mash up a few different genres of multiplayer games and see what we get!,https://www.mmobomb.com/open/project-apidom,MOBA,PC (Windows),"Breach.gg, RedTigerPro",Breach.gg,2024-03-29,https://www.mmobomb.com/project-apidom
1172,Ravendawn Online,https://www.mmobomb.com/g/1172/thumbnail.jpg,"Get a bit nostalgic with an MMO that looks like games of the past, but plays a bit more modern.",https://www.mmobomb.com/open/ravendawn-online,MMORPG,PC (Windows),Tavernlight Games,Tavernlight Games,2024-01-16,https://www.mmobomb.com/ravendawn-online
1174,Battle Teams 2,https://www.mmobomb.com/g/1174/thumbnail.jpg,"Popular in China, the free-to-play tactical shooter is now available globally.",https://www.mmobomb.com/open/battle-teams-2,Shooter,PC (Windows),Wizard Games Global Limited,Wizard Games Global Limited,2024-01-31,https://www.mmobomb.com/battle-teams-2
1175,One Punch Man: World,https://www.mmobomb.com/g/1175/thumbnail.jpg,"Train, explore, fight monsters...you know what to do!",https://www.mmobomb.com/open/one-punch-man-world,Action Game,PC (Windows),A PLUS JAPAN,Perfect World,2024-01-31,https://www.mmobomb.com/one-punch-man-world
1171,Infinite Borders,https://www.mmobomb.com/g/1171/thumbnail.jpg,Gather your generals and command over 300 different troop types in strategic battle in Three Kingdoms era China.,https://www.mmobomb.com/open/infinite-borders,Strategy,PC (Windows),NetEase Games,NetEase Games,2023-12-22,https://www.mmobomb.com/infinite-borders
1173,Titan Revenge,https://www.mmobomb.com/g/1173/thumbnail.jpg,Become an Angel or a Titan and smash your way to epic loot that ALWAYS has a benefit.,https://www.mmobomb.com/open/titan-revenge,MMORPG,Web Browser,Game Hollywood Games,Game Hollywood Games,2023-12-20,https://www.mmobomb.com/titan-revenge
1169,Destiny's Divide,https://www.mmobomb.com/g/1169/thumbnail.jpg,Hop into PvP card battles that minimize RNG and allow skill to shine.,https://www.mmobomb.com/open/destinys-divide,Card Game,PC (Windows),Fobia,Fobia,2023-11-03,https://www.mmobomb.com/destinys-divide
1168,"Warhammer 40,000: Warpforge",https://www.mmobomb.com/g/1168/thumbnail.jpg,The long-running war of the factions spills over onto the digital card game table.,https://www.mmobomb.com/open/warhammer-40000-warpforge,Card Game,PC (Windows),Everguild Ltd.,Everguild Ltd.,2023-10-19,https://www.mmobomb.com/warhammer-40000-warpforge
1176,Deceit 2,https://www.mmobomb.com/g/1176/thumbnail.jpg,Mixing a little horror into your classic social deduction gameplay formula.,https://www.mmobomb.com/open/deceit-2,Action Game,PC (Windows),World Makers,World Makers,2023-09-14,https://www.mmobomb.com/deceit-2
1230,My Hero Ultra Rumble,https://www.mmobomb.com/g/1230/thumbnail.jpg,Be the hero the rumble is here!,https://www.mmobomb.com/open/my-hero-ultra-rumble,Battle Royale,PC (Windows),Bandai Namco Entertainment,Byking Inc.,2023-09-28,https://www.mmobomb.com/my-hero-ultra-rumble
976,Microvolts: Recharged,https://www.mmobomb.com/g/976/thumbnail.jpg,Third-Person Toy-Themed Lobby Shooter Microvolts Relaunches As Microvolts: Recharged,https://www.mmobomb.com/open/microvolts,MMOTPS,PC (Windows),Masangsoft,Masangsoft,2023-09-09,https://www.mmobomb.com/microvolts
1158,HAWKED,https://www.mmobomb.com/g/1158/thumbnail.jpg,"Free-to-play PvPvE, team-based treasure hunting, puzzle solving, and sharp shooting.",https://www.mmobomb.com/open/hawked,Shooter,PC (Windows),MY.GAMES,MY.GAMES,2023-08-03,https://www.mmobomb.com/hawked
1159,Tales of Yore,https://www.mmobomb.com/g/1159/thumbnail.jpg,"An old school, small team MMORPG with nostalgic charm.",https://www.mmobomb.com/open/tales-of-yore,MMORPG,"PC (Windows), Web Browser",Coke and Code,Coke and Code,2023-08-08,https://www.mmobomb.com/tales-of-yore
1163,Waven,https://www.mmobomb.com/g/1163/thumbnail.jpg,The makers of WAKFU bring you their next iteration on multiplayer tactical RPG gameplay.,https://www.mmobomb.com/open/waven,Strategy,PC (Windows),Ankama Games,Ankama Studio,2023-08-16,https://www.mmobomb.com/waven
1167,Town of Salem 2,https://www.mmobomb.com/g/1167/thumbnail.jpg,"Chill in Salem, get your chores done... and, oh yeah, try not to be murdered.",https://www.mmobomb.com/open/town-of-salem-2,Strategy,PC (Windows),BlankMediaGames LLC,BlankMediaGames LLC,2023-08-25,https://www.mmobomb.com/town-of-salem-2
1156,NARAKA: BLADEPOINT,https://www.mmobomb.com/g/1156/thumbnail.jpg,"The original 60-player, melee-focused battle royale goes free-to-play, opening the doors for everyone.",https://www.mmobomb.com/open/naraka-bladepoint,Battle Royale,PC (Windows),Netease Games Global,24 Entertainment,2023-07-13,https://www.mmobomb.com/naraka-bladepoint
1153,Undawn,https://www.mmobomb.com/g/1153/thumbnail.jpg,"Fight to survive and protect your allies in a post-apocalyptic open world MMO, all while being guided by the Fresh Prince himself.",https://www.mmobomb.com/open/undawn,Shooter,PC (Windows),Level infinite,Lightspeed Studios,2023-06-15,https://www.mmobomb.com/undawn
268,Eden Eternal,https://www.mmobomb.com/g/268/thumbnail.jpg,"Eden Eternal is a free-to-play 3D anime-style MMORPG from the developers of Kitsu Saga and Grand Fantasia. In Eden Eternal, players will trek across a magical realm filled with vibrant races (Humans, Beast Men, Frog Men and other half-animal races) and prosperous villages.",https://www.mmobomb.com/open/eden-eternal,MMORPG,PC (Windows),X-Legend Entertainment,X-Legend Entertainment,2023-05-10,https://www.mmobomb.com/eden-eternal
1151,Jected - Rivals,https://www.mmobomb.com/g/1151/thumbnail.jpg,"Drive, glide, and perform stunts on your way to the highest scores or trying to cross the finish line first.",https://www.mmobomb.com/open/jected-rivals,Racing,PC (Windows),THQ Nordic,Pow Wow Entertainment,2023-05-04,https://www.mmobomb.com/jected-rivals
1152,VEILED EXPERTS,https://www.mmobomb.com/g/1152/thumbnail.jpg,"The 5v5 action may be intense, but when the bomb goes off and the map changes, it may just be every person for themselves.",https://www.mmobomb.com/open/veiled-experts,Shooter,PC (Windows),NEXON,NEXON Games Co. Ltd.,2023-05-18,https://www.mmobomb.com/veiled-experts
1157,Ethyrial: Echoes of Yore,https://www.mmobomb.com/g/1157/thumbnail.jpg,"An ""old school MMORPG"" that pays tribute to those that came before it.",https://www.mmobomb.com/open/ethyrial-echoes-of-yore,MMORPG,PC (Windows),Gellyberry Studios,Gellyberry Studios,2023-05-01,https://www.mmobomb.com/ethyrial-echoes-of-yore
1190,STALCRAFT: X,https://www.mmobomb.com/g/1190/thumbnail.jpg,Hit the open world around Chernobyl's Exclusion zone... but you won't be alone.,https://www.mmobomb.com/open/stalcraft-x,Shooter,PC (Windows),EXBO,EXBO,2022-12-09,https://www.mmobomb.com/stalcraft-x
1142,Kingshunt,https://www.mmobomb.com/g/1142/thumbnail.jpg,"5v5 lane-based combat complete with objectives, magic spells, and the clashing of steel.",https://www.mmobomb.com/open/kingshunt,MOBA,PC (Windows),A List Games,Vaki Games,2022-11-03,https://www.mmobomb.com/kingshunt
1143,Fangs,https://www.mmobomb.com/g/1143/thumbnail.jpg,A MOBA more in line with Battlerite ideas rather than League of Legends ideas.,https://www.mmobomb.com/open/fangs,MOBA,PC (Windows),Hidden Leaf Games,Hidden Leaf Games,2022-11-30,https://www.mmobomb.com/fangs
1147,Summoners War: Chronicles,https://www.mmobomb.com/g/1147/thumbnail.jpg,Discover the secrets of the Rahil Kingdom in this reimagined version of Summoners War,https://www.mmobomb.com/open/summoners-war-chronicles,MMORPG,PC (Windows),Com2uS,Com2uS,2022-11-09,https://www.mmobomb.com/summoners-war-chronicles
1136,Overwatch,https://www.mmobomb.com/g/1136/thumbnail.jpg,"Big changes come to the Overwatch formula in this sequel...and so does PvE content, eventually.",https://www.mmobomb.com/open/overwatch,Shooter,PC (Windows),Activision Blizzard King,Blizzard Entertainment,2022-10-04,https://www.mmobomb.com/overwatch
1137,Torchlight: Infinite,https://www.mmobomb.com/g/1137/thumbnail.jpg,200 years after the events of Torchlight II we pick up the story both on PC and mobile in Torchlight: Infinite.,https://www.mmobomb.com/open/torchlight-infinite,ARPG,PC (Windows),XD,XD,2022-10-12,https://www.mmobomb.com/torchlight-infinite
1138,MARVEL SNAP,https://www.mmobomb.com/g/1138/thumbnail.jpg,From some of the minds that brought you Hearthstone comes a fast-paced MARVEL based card battler for mobile and PC.,https://www.mmobomb.com/open/marvel-snap,Card Game,PC (Windows),Nuverse,"Second Dinner Studios, Inc.",2022-10-18,https://www.mmobomb.com/marvel-snap
1139,World Boss,https://www.mmobomb.com/g/1139/thumbnail.jpg,"Sixteen enter, but only one can hold the crown the longest, will it be you?",https://www.mmobomb.com/open/world-boss,Shooter,PC (Windows),PlaySide,PlaySide,2022-10-19,https://www.mmobomb.com/world-boss
1130,Lost Light,https://www.mmobomb.com/g/1130/thumbnail.jpg,"Go it alone or team up with friends (or enemies you decide to spare) in this cross-platform, survival shooter.",https://www.mmobomb.com/open/lost-light,Shooter,PC (Windows),NetEase Games,NetEase Games,2022-09-01,https://www.mmobomb.com/lost-light
1133,Gundam Evolution,https://www.mmobomb.com/g/1133/thumbnail.jpg,Miss when that other hero shooter was 6v6? Well here you can do that AND wear sweet Mobile Suits!,https://www.mmobomb.com/open/gundam-evolution,Shooter,PC (Windows),BANDAI NAMCO Online Inc.,BANDAI NAMCO Online Inc.,2022-09-21,https://www.mmobomb.com/gundam-evolution
1134,Omega Strikers,https://www.mmobomb.com/g/1134/thumbnail.jpg,"Think MOBA meets soccer...got that in your head? Yeah, this is pretty much that.",https://www.mmobomb.com/open/omega-strikers,Sports,PC (Windows),Odyssey Interactive,Odyssey Interactive,2022-09-16,https://www.mmobomb.com/omega-strikers
1096,A.V.A Global,https://www.mmobomb.com/g/1096/thumbnail.jpg,A.V.A is a free-to-play multiplayer online FPS game featuring various types of PVP and PVE modes.,https://www.mmobomb.com/open/ava,MMOFPS,PC (Windows),NEOWIZ,NEOWIZ,2022-08-24,https://www.mmobomb.com/ava
1124,Aero Tales Online,https://www.mmobomb.com/g/1124/thumbnail.jpg,Aero Tales Online uses a more classic Anime MMORPG art style to hit those nostalgia buttons for early 2000s MMO players.,https://www.mmobomb.com/open/aero-tales-online,MMORPG,PC (Windows),Anisage Games,Anisage Games,2022-08-01,https://www.mmobomb.com/aero-tales-online
1128,Magic Spellslingers,https://www.mmobomb.com/g/1128/thumbnail.jpg,Jump into a fast-paced card battle inspired by the titan of CCGs,https://www.mmobomb.com/open/magic-spellslingers,Card Game,PC (Windows),Wizards of the Coast LLC,"Pipeworks Studios, Seismic Games",2022-08-05,https://www.mmobomb.com/magic-spellslingers
1121,Temperia: Soul of Majestic,https://www.mmobomb.com/g/1121/thumbnail.jpg,Temperia brings a “player created for players” mentality to the online board game/collectible card game (CCG) formula.,https://www.mmobomb.com/open/temperia,Card Game,PC (Windows),Leonardo Interactive,"MoonWolf Entertainment, A2 Softworks",2022-07-26,https://www.mmobomb.com/temperia
1129,World of Rune,https://www.mmobomb.com/g/1129/thumbnail.jpg,Explore a magical fantasy world in R2Games' latest 2D Browser MMORPG.,https://www.mmobomb.com/open/world-of-rune,MMORPG,Web Browser,R2Games,R2Games,2022-06-13,https://www.mmobomb.com/world-of-rune
1117,Roller Champions,https://www.mmobomb.com/g/1117/thumbnail.jpg,"Roller Champions tasks you and your team with holding a ball and skating laps around an arena as you dodge, duck, dip, dive, and dodge your way around the opposing team.",https://www.mmobomb.com/open/roller-champions,Sports,PC (Windows),Ubisoft,Ubisoft Montreal,2022-05-25,https://www.mmobomb.com/roller-champions
1114,Yu-Gi-Oh! Master Duel,https://www.mmobomb.com/g/1114/thumbnail.jpg,Yu-Gi-Oh! Master Duel is a faithful free-to-play re-creation of the popular CCG by Konami. ,https://www.mmobomb.com/open/yu-gi-oh-master-duel,Card Game,PC (Windows),Konami Digital Entertainment,Konami Digital Entertainment,2022-01-19,https://www.mmobomb.com/yu-gi-oh-master-duel
1112,Century: Age of Ashes,https://www.mmobomb.com/g/1112/thumbnail.jpg,"Don’t just ride a dragon, ride a dragon into battle and engage in fiery, mid-air combat in a selection of different modes.",https://www.mmobomb.com/open/century-age-of-ashes,Shooter,PC (Windows),Playwing LTD,Playwing LTD,2021-12-02,https://www.mmobomb.com/century-age-of-ashes
1148,Goose Goose Duck,https://www.mmobomb.com/g/1148/thumbnail.jpg,Geese just trying to get their work done... but those darn mallards are in the mix.,https://www.mmobomb.com/open/goose-goose-duck,Strategy,PC (Windows),Gaggle Studios Inc.,Gaggle Studios Inc.,2021-10-03,https://www.mmobomb.com/goose-goose-duck
521,Bloodhunt,https://www.mmobomb.com/g/521/thumbnail.jpg,"Stalk the night and use the powers of vampirism to eliminate your foes in Bloodhunt (Vampire: The Masquerade - Bloodhunt), a free-to-play battle royale from Sharkmob.",https://www.mmobomb.com/open/bloodhunt,Battle Royale,PC (Windows),Sharkmob,Sharkmob,2021-09-07,https://www.mmobomb.com/bloodhunt
1228,Super Animal Royale,https://www.mmobomb.com/g/1228/thumbnail.jpg,A free-to-play 2D battle-royal featuring cute animals. ,https://www.mmobomb.com/open/super-animal-royale,Shooter,PC (Windows),Pixile,Pixile,2021-08-26,https://www.mmobomb.com/super-animal-royale
511,Phantasy Star Online 2 New Genesis,https://www.mmobomb.com/g/511/thumbnail.jpg,"Defend the Planet Halpha against the threat of the DOLLS in F2P sci-fi MMORPG Phantasy Star Online 2: New Genesis! PSO2:NG is a remastered version of the original PSO2, with stunning new graphics and gameplay features.",https://www.mmobomb.com/open/phantasy-star-online-2-new-genesis,MMORPG,PC (Windows),Sega,Sega,2021-06-09,https://www.mmobomb.com/phantasy-star-online-2-new-genesis
509,Smash Legends,https://www.mmobomb.com/g/509/thumbnail.jpg,"Smash your way into legend in Smash Legends, a free-to-play arena brawler from 5minlab and LINE Games! Choose from anime-inspired chibi versions of famous mythical characters, each with their own weapon and special abilities, and set them loose in the arena, doing battle in the Library World set among the clouds.",https://www.mmobomb.com/open/smash-legends,Fighting,PC (Windows),LINE Games Corporation,5minlab,2021-04-13,https://www.mmobomb.com/smash-legends
502,Primordials: Battle of Gods,https://www.mmobomb.com/g/502/thumbnail.jpg,"Fight in epic PvP 1v1 ""tug-of-war"" MOBA-like duels in free-to-play battler Primordials: Battle of Gods! Summon a vast army of Primordials and set them off into battle against your opponent, dominating his armies and seizing key locations on the battlefield.",https://www.mmobomb.com/open/primordials-battle-of-gods,Strategy,PC (Windows),Wire Games,Global Dodo Entertainment,2021-03-04,https://www.mmobomb.com/primordials-battle-of-gods
507,Super Mecha Champions,https://www.mmobomb.com/g/507/thumbnail.jpg,"Jump into your mech and duke it out with the rest of the world in Super Mecha Champions, a free-to-play battle royale from NetEase. Your battlefield is the futuristic manga-inspired Alpha City, where you'll choose your ace pilot, select one of 10 mecha, customize it to your liking, and dash into furious combat!",https://www.mmobomb.com/open/super-mecha-champions,Shooter,PC (Windows),NetEase Games,NetEase Games,2021-03-25,https://www.mmobomb.com/super-mecha-champions
500,Chroma: Bloom And Blight,https://www.mmobomb.com/g/500/thumbnail.jpg,"Experience a rich fantasy world and strategic gameplay in Chroma: Bloom And Blight, a free-to-play CCG from Clarity Games. Choose a hero to build a deck around, and choose from the game's four factions with no limits.",https://www.mmobomb.com/open/chroma-bloom-and-blight,Card Game,PC (Windows),WhisperGames,Clarity Games,2021-01-28,https://www.mmobomb.com/chroma-bloom-and-blight
498,Blankos Block Party,https://www.mmobomb.com/g/498/thumbnail.jpg,"Play in a multitude of fanciful worlds in Blankos Block Party, a free and wide open multiplayer game from Mythical. Get your Blanko, give it a special power, and set it off on an adventure in The Junction, a colorful and vibrant world that serves as your hub to many others.",https://www.mmobomb.com/open/blankos,MMO,PC (Windows),Third Kind Games,Mythical Games Inc,2020-12-11,https://www.mmobomb.com/blankos
499,Slapshot: Rebound,https://www.mmobomb.com/g/499/thumbnail.jpg,"Skate, shoot, and score in Slapshot: Rebound, a free-to-play physics-based hockey game from Oddshot Games. Customize your player and take to the ice in online multiplayer matches against friends or the world at large in five-minute matches that will put all your puck-handling skills to the test!",https://www.mmobomb.com/open/slapshot-rebound,Sports,PC (Windows),Oddshot Games,Oddshot Games,2020-12-07,https://www.mmobomb.com/slapshot-rebound
476,Rogue Company,https://www.mmobomb.com/g/476/thumbnail.jpg,"Join an elite mercenary squad and take on missions all over the world in Rogue Company, a free-to-play PvP shooter from First Watch Games and Hi-Rez Studios. Customize your agent with over 50 weapons and use precise shooting and teamwork to complete your objectives and -- most importantly -- get paid!",https://www.mmobomb.com/open/rogue-company,Shooter,PC (Windows),Hi-Rez Studios,First Watch Games,2020-10-01,https://www.mmobomb.com/rogue-company
477,Eternal Return,https://www.mmobomb.com/g/477/thumbnail.jpg,Take on all comers in Nimble Neuron's free-to-play MOBA/survival/battle royale mash-up Eternal Return: Black Survival. The scientific organization AGLAIA is creating a race of advanced humans with amazing powers and putting them to the test in experimental battles against one another to see who comes out on top!,https://www.mmobomb.com/open/eternal-return,MOBA,PC (Windows),Nimble Neuron,Nimble Neuron,2020-10-14,https://www.mmobomb.com/eternal-return
479,Blood of Steel,https://www.mmobomb.com/g/479/thumbnail.jpg,"Lead your armies to victory in YC Games' free-to-play medieval battle simulator Blood of Steel! Take on the role of a famous general from history, from Julius Caesar to Joan of Arc to Lyu Bu and charge into battle at the head of an elite core of warriors.",https://www.mmobomb.com/open/blood-of-steel,Strategy,PC (Windows),YC Games,YC Games,2020-10-20,https://www.mmobomb.com/blood-of-steel
473,Spellbreak,https://www.mmobomb.com/g/473/thumbnail.jpg,"Become the ultimate battlemage in Spellbreak, a free-to-play battle royale from Proletariat Inc.! Spellbreak takes place in the Hollow Lands, where players seek to eliminate their rivals with a variety of magical spells and claim top honors.",https://www.mmobomb.com/open/spellbreak,Battle Royale,PC (Windows),Proletariat,Proletariat,2020-09-04,https://www.mmobomb.com/spellbreak
474,Rocket League,https://www.mmobomb.com/g/474/thumbnail.jpg,"Experience high-octane and high-flying sports action in Psyonix's much-acclaimed Rocket League, now free-to-play! With 75 million registered players and 150 major gaming awards, Rocket League is one the most popular video games on the planet, with billions of matches played in its first five years.",https://www.mmobomb.com/open/rocket-league,Sports,PC (Windows),Psyonix LLC,Psyonix LLC,2020-09-24,https://www.mmobomb.com/rocket-league
1120,Fall Guys,https://www.mmobomb.com/g/1120/thumbnail.jpg,Fall Guys is a free-to-play massively multiplayer party royale game.,https://www.mmobomb.com/open/fall-guys,Battle Royale,PC (Windows),Mediatonic,Mediatonic,2020-08-04,https://www.mmobomb.com/fall-guys
471,Armor Valor,https://www.mmobomb.com/g/471/thumbnail.jpg,"Build up your lands and wage war against all comers in Armor Valor, a Norse-inspired strategy RPG from R2Games! The elves and the dwarves have allied against the humans, and in a far-off land, orcs have also risen up and declared war.",https://www.mmobomb.com/open/armor-valor,Strategy,Web Browser,R2 Games,R2 Games,2020-07-20,https://www.mmobomb.com/armor-valor
469,Unfortunate Spacemen,https://www.mmobomb.com/g/469/thumbnail.jpg,"Make new space friends and betray them all in Unfortunate Spacemen, a free-to-play shooter from New Blood Interactive. Complete objectives and hunt monsters in varied sci-fi environments ...",https://www.mmobomb.com/open/unfortunate-spacemen,Shooter,PC (Windows),New Blood Interactive,Geoff 'Zag' Keene,2020-06-12,https://www.mmobomb.com/unfortunate-spacemen
461,Shop Titans,https://www.mmobomb.com/g/461/thumbnail.jpg,"Manage your shop, buy and sell from adventurers, and rake in the profits in free-to-play Shop Titans from Kabam! Customize your shop to suit your tastes and lure adventurers from 18 different classes that you can then send out on quests to accumulate even more loot for you.",https://www.mmobomb.com/open/shop-titans,Strategy,PC (Windows),"Kabam Games, Inc.","Kabam Games, Inc.",2020-05-05,https://www.mmobomb.com/shop-titans
463,Survivor Legacy,https://www.mmobomb.com/g/463/thumbnail.jpg,"Survivor Legacy is a free-to-play zombie-themed strategy game from R2 Games. Set in the near future, the game takes place during a zombie infestation.",https://www.mmobomb.com/open/survivor-legacy,Strategy,Web Browser,R2 Games,GameHollywood,2020-04-07,https://www.mmobomb.com/survivor-legacy
459,Bombergrounds: Battle Royale,https://www.mmobomb.com/g/459/thumbnail.jpg,"Merge classic bomber action with modern battle royale in Bombergrounds: Battle Royale, a free-to-play game from Gigantic Duck Games. Place your bombs to forge new paths or eliminate your enemies, but beware -- your opponents are looking to do the same, and only one animal can come out on top!",https://www.mmobomb.com/open/bombergrounds-battle-royale,Battle Royale,PC (Windows),Giant Duck Games,Giant Duck Games,2020-03-07,https://www.mmobomb.com/bombergrounds-battle-royale
1164,Kakele Online,https://www.mmobomb.com/g/1164/thumbnail.jpg,Kind of like if Gauntlet was an MMORPG... and a bit cuter looking.,https://www.mmobomb.com/open/kakele-online,MMORPG,PC (Windows),ViVa Games,ViVa Games,2020-02-01,https://www.mmobomb.com/kakele-online
39,Darwin Project,https://www.mmobomb.com/g/39/thumbnail.jpg,"Experience a fresh perspective on the battle royale experience with Darwin Project, a free-to-play game that takes the ""game show"" concept to a whole new level.",https://www.mmobomb.com/open/darwin-project,Shooter,PC (Windows),Scavengers Studio,Scavengers Studio,2020-01-14,https://www.mmobomb.com/darwin-project
441,Legends of Runeterra,https://www.mmobomb.com/g/441/thumbnail.jpg,"Legends of Runeterra is a free-to-play strategic card game from Riot Games that utilizes the rich lore and champions of the biggest MOBA in the world. Build a deck with your favorite League of Legends champions at its core, level them up to increase their power, and engage in intense battles with your opponent until one of you destroys the other's Nexus and emerges victorious!",https://www.mmobomb.com/open/runeterra,Card Game,PC (Windows),Riot Games,Riot Games,2020-01-24,https://www.mmobomb.com/runeterra
458,League of Angels - Heaven's Fury,https://www.mmobomb.com/g/458/thumbnail.jpg,"Embark on an epic quest to save world in League of Angels - Heaven's Fury, the latest entry in the free-to-play browser-based MMORPG franchise. Play as a mighty Dragoon, the enigmatic Mage, or deadly Archer and recruit your team of angels from the sides of light and darkness to fight against demonic beasts and their vile masters in a gorgeously rendered fantasy world.",https://www.mmobomb.com/open/league-of-angels-heavens-fury,MMORPG,Web Browser,Gtarcade,Yoozoo Games,2020-01-09,https://www.mmobomb.com/league-of-angels-heavens-fury
4,CRSED: F.O.A.D.,https://www.mmobomb.com/g/4/thumbnail.jpg,"The former Cuisine Royale has a new name, but the free-to-play battle royale action is just as crazy as before! CRSED: F.O.A.D.",https://www.mmobomb.com/open/crsed,Shooter,PC (Windows),Gaijin Distribution KFT,Darkflow Software,2019-12-12,https://www.mmobomb.com/crsed
566,Ylands,https://www.mmobomb.com/g/566/thumbnail.jpg,"Get creative and build the world of your dreams in Ylands, a free game-builder from Bohemia Interactive.",https://www.mmobomb.com/open/ylands,MMO,PC (Windows),Bohemia Interactive,Bohemia Interactive,2019-12-06,https://www.mmobomb.com/ylands
1131,Mirage Online Classic,https://www.mmobomb.com/g/1131/thumbnail.jpg,An MMORPG truly made to run on any computer at any time.,https://www.mmobomb.com/open/mirage-online-classic,MMORPG,Web Browser,Retrelon Games LLC,Retrelon Games LLC,2019-12-24,https://www.mmobomb.com/mirage-online-classic
436,Inferna,https://www.mmobomb.com/g/436/thumbnail.jpg,Journey across the vast world of Pangeau and defend the kingdom of your choice in free-to-play MMORPG Inferna. Choose from four races and four character classes and learn the intricate history of the world as you engage in thrilling adventures and quests!,https://www.mmobomb.com/open/inferna,MMORPG,PC (Windows),INFERNA LIMITED,INFERNA LIMITED,2019-12-21,https://www.mmobomb.com/inferna
443,Ultimate Pirates,https://www.mmobomb.com/g/443/thumbnail.jpg,"Avast! Set sail and plunder the high seas in Ultimate Pirates, a web-based MMORPG from Gameforge and developer Moonmana.",https://www.mmobomb.com/open/ultimate-pirates,Strategy,Web Browser,Gameforge,Moonmana,2019-12-02,https://www.mmobomb.com/ultimate-pirates
437,Stay Out,https://www.mmobomb.com/g/437/thumbnail.jpg,"Survive on the edge of civilization in Stay Out, a free-to-play post-apocalyptic MMORPG from Mobile Technologies LLC. Become a ""stalker,"" exploring the vast and hostile Alienation Zone in search of artifacts, but tread carefully -- dangerous creatures lurk in the dark, and you'll need all your wits, and a quick trigger finger, to survive.",https://www.mmobomb.com/open/stay-out,Shooter,PC (Windows),Mobile Technologies LLC,Mobile Technologies LLC,2019-11-27,https://www.mmobomb.com/stay-out
439,PC Futbol Legends,https://www.mmobomb.com/g/439/thumbnail.jpg,PC Futbol Legends is an arcade soccer game from IDC games. Matches are played on medium-sized fields with no fouls or offsides.,https://www.mmobomb.com/open/futbol-legends,Sports,PC (Windows),IDG GAmes,IDG GAmes,2019-11-01,https://www.mmobomb.com/futbol-legends
440,Vampire Empire,https://www.mmobomb.com/g/440/thumbnail.jpg,The battle between vampires and werewolves goes back in time in R2 Games' free-to-play title Vampire Empire! Recruit powerful warriors from history and myth to do battle in a world of endless night where humans haven't reigned for centuries.,https://www.mmobomb.com/open/vampire-empire,Strategy,Web Browser,R2 Games,F5 Game Company,2019-11-07,https://www.mmobomb.com/vampire-empire
468,Firestone Idle RPG,https://www.mmobomb.com/g/468/thumbnail.jpg,"Set in the fantasy world of Alandria, Firestone is an idle RPG in which players are tasked with building the best possible party of heroes and using them to defeat the undead and orcs that plague the world. While normally a threat on their own, the two races have joined forces and are using the power of the Firestones to wreak havoc upon the land.",https://www.mmobomb.com/open/firestone-idle-rpg,Strategy,Web Browser,Holyday Studios,Holyday Studios,2019-09-26,https://www.mmobomb.com/firestone-idle-rpg
505,Mythgard,https://www.mmobomb.com/g/505/thumbnail.jpg,"Challenge the gods of legend in Mythgard, a free-to-play collectible card game from Rhino Games. Utilize both magic and technology to take on elder deities, who are walking the planet for the first time in thousands of years.",https://www.mmobomb.com/open/mythgard,Card Game,PC (Windows),Rhino Games Inc.,Rhino Games Inc.,2019-09-18,https://www.mmobomb.com/mythgard
451,Crystal Clash,https://www.mmobomb.com/g/451/thumbnail.jpg,Crystal Clash is a free-to-play fantasy castle siege RTS from Crunchy Leaf Game. Form your armies from dozens of strong units and powerful spells and take on both PvE bosses and competitive matches against other players.,https://www.mmobomb.com/open/crystal-clash,Strategy,PC (Windows),Crunchy Leaf Games,Crunchy Leaf Game,2019-08-30,https://www.mmobomb.com/crystal-clash
447,Dota Underlords,https://www.mmobomb.com/g/447/thumbnail.jpg,"Take on all comers in Dota Underlords, Valve's free-to-play auto-chess variant based on the game it all started with, Dota 2. Recruit your heroes from the shadowy underbelly of White Spire and send them off to war against seven opponents, or against AI bots, in automated battles, where strategy and planning count for more than clicking speed and reflexes.",https://www.mmobomb.com/open/dota-underlords,Strategy,PC (Windows),Valve,Valve,2019-06-21,https://www.mmobomb.com/dota-underlords
19,Minion Masters,https://www.mmobomb.com/g/19/thumbnail.jpg,Choose your deck of minions and send them marching off to victory - or their doom.,https://www.mmobomb.com/open/minion-masters,Card Game,PC (Windows),Betadwarf,Betadwarf,2019-05-24,https://www.mmobomb.com/minion-masters
20,Splitgate,https://www.mmobomb.com/g/20/thumbnail.jpg,Frag your enemies from all angles through the clever manipulation of portals that let you zip around the battlefield like never before!,https://www.mmobomb.com/open/splitgate,Shooter,PC (Windows),1047 Games,1047 Games,2019-05-22,https://www.mmobomb.com/splitgate
455,Eternal Fury,https://www.mmobomb.com/g/455/thumbnail.jpg,"Play a part in the battle between gods and giants in Eternal Fury, a free-to-play ARPG from R2 Games. Heaven and Hell are at war, and the realm of man is caught in between.",https://www.mmobomb.com/open/eternal-fury,MMORPG,Web Browser,R2 Games,R2 Games,2019-05-21,https://www.mmobomb.com/eternal-fury
456,Conqueror's Blade,https://www.mmobomb.com/g/456/thumbnail.jpg,"Experience medieval battles on a massive scale in Conqueror's Blade, an ambitious free-to-play title by Booming Games and published by My.com. In each battle, you'll control a general and lead a cadre of soldiers into battle against other players or AI enemies., making use of tactics and artillery from a wide range of eras and cultures.",https://www.mmobomb.com/open/conquerors-blade,Strategy,PC (Windows),Booming Games,Booming Games,2019-05-30,https://www.mmobomb.com/conquerors-blade
353,Stein.world,https://www.mmobomb.com/g/353/thumbnail.jpg,"Take part in an immersive multiplayer online fantasy world in Stein, a charming free-to-play social browser-based MMORPG from pg5-studio. Embark on hundreds of quests and take on challenging wave dungeons -- or just enjoy the social aspects of the game!",https://www.mmobomb.com/open/steinworld,MMORPG,Web Browser,PG5-Studio UG,PG5-Studio UG,2019-04-24,https://www.mmobomb.com/steinworld
438,Kards,https://www.mmobomb.com/g/438/thumbnail.jpg,Kards is a free-to-play collectible World War II card game from developer 1939 Games. Build decks based around any of the major powers in the war and challenge other players or AI.,https://www.mmobomb.com/open/kards,Card Game,PC (Windows),1939 Games,1939 Games,2019-04-12,https://www.mmobomb.com/kards
448,KurtzPel,https://www.mmobomb.com/g/448/thumbnail.jpg,"Discover the truth behind the world in KurtzPel, a third-person, anime action battle MMO game from KOG Games. As a descendant of the ancient KurtzPels, you must oppose the nefarious Holy Bellatos Empire, embarking on a variety of PvE and PvP missions to stop them from spreading their harmful religious dogma.",https://www.mmobomb.com/open/kurtzpel,Fighting,PC (Windows),KOG,KOG,2019-04-30,https://www.mmobomb.com/kurtzpel
457,The Third Age,https://www.mmobomb.com/g/457/thumbnail.jpg,"Embark on an epic tale of glory in The Third Age, a free-to-play browser MMORPG from R2 Games that evokes images of the most legendary of all fantasy worlds. The Third Age offers a heavy PvE story-driven gameplay experience, though you can engage in PvP if you desire.",https://www.mmobomb.com/open/the-third-age,Strategy,Web Browser,R2 Games,R2 Games,2019-04-29,https://www.mmobomb.com/the-third-age
91,Eternal,https://www.mmobomb.com/g/91/thumbnail.jpg,"Enter a world of strategy and subterfuge in Dire Wolf Digital's free-to-play competitive online CCG Eternal, designed by professional CCG players.",https://www.mmobomb.com/open/eternal,Card Game,PC (Windows),Dire Wolf Digital,Dire Wolf Digital,2018-11-15,https://www.mmobomb.com/eternal
503,Artifact,https://www.mmobomb.com/g/503/thumbnail.jpg,"Valve's Dota 2 CCG Artifact is now free-to-play, coming in two different versions: Classic and Foundry. Artifact Classic plays like the game when it launched, offering wilder, more chaotic battles, while Artifact Foundry puts more emphasis on heroes and reduces the game's overall randomness.",https://www.mmobomb.com/open/artifact,Card Game,PC (Windows),Valve,Valve,2018-11-29,https://www.mmobomb.com/artifact
299,Combat Arms: Reloaded,https://www.mmobomb.com/g/299/thumbnail.jpg,"Combat Arms is one of the most played free MMOFPS in the market nowadays, both thanks to its easy to play, hard to master gameplay.",https://www.mmobomb.com/open/combat-arms,Shooter,PC (Windows),"VALOFE, NEXON",Doobic Studios,2018-10-31,https://www.mmobomb.com/combat-arms
68,Dreadnought,https://www.mmobomb.com/g/68/thumbnail.jpg,"Dreadnought is a sci-fi, multi-player space combat simulator from Yager. Players will take control of a variety of unique ships to combat opposing teams in a strategic environment.",https://www.mmobomb.com/open/dreadnought,Shooter,PC (Windows),Grey Box,Yager Development,2018-10-14,https://www.mmobomb.com/dreadnought
28,Spacelords,https://www.mmobomb.com/g/28/thumbnail.jpg,"Formerly known as Raiders of the Broken Planet, Spacelords is a rework of the game, with all the action and cinematic story of the original, in free-to-play form.",https://www.mmobomb.com/open/spacelords,Shooter,PC (Windows), MercurySteam Entertainment,MercurySteam,2018-09-22,https://www.mmobomb.com/spacelords
1135,World War 3,https://www.mmobomb.com/g/1135/thumbnail.jpg,MY.GAMES and friends take to the real world for a more realistic take on military FPS combat.,https://www.mmobomb.com/open/world-war-3,Shooter,PC (Windows),"MY.GAMES, The 4 Winds Entertainment",The Farm 51,2018-09-19,https://www.mmobomb.com/world-war-3
450,Battlerite Royale,https://www.mmobomb.com/g/450/thumbnail.jpg,"Battlerite Royale is a free-to-play battle royale game based on the popular gameplay from Stunlock Studios' Battlerite. Join in the action on a map that's 30 times larger than your typical Battlerite map but watch out for the encroaching Death Vortex, which will spell your doom!",https://www.mmobomb.com/open/battlerite-royale,MOBA,PC (Windows),Stunlock Studios,Stunlock Studios,2018-09-26,https://www.mmobomb.com/battlerite-royale
454,Magic: The Gathering Arena,https://www.mmobomb.com/g/454/thumbnail.jpg,"Magic: The Gathering Arena is the free-to-play online adaptation of the first collectible card game, Wizards of the Coast's Magic: The Gathering. Offering an authentic MTG experience, but with the convenience and speed of a digital game, Arena is ""as much fun to watch as it is to play."" Utilizing a new game engine that can take all the rules of the game into account, Arena is meant as a complement to the physical game, with no compromises for its new platform As in regular Magic: The Gathering, you'll build a deck of 60 cards and summon creatures and cast spells from five different colors of magic.",https://www.mmobomb.com/open/mtg-arena,Card Game,PC (Windows),Wizards of the Coast,Wizards of the Coast,2018-09-27,https://www.mmobomb.com/mtg-arena
341,League of Angels 3,https://www.mmobomb.com/g/341/thumbnail.jpg,Embark on an epic quest to save world in League of Angels III.,https://www.mmobomb.com/open/league-of-angels-3,MMORPG,Web Browser,GTArcade Entertainment,GTArcade Entertainment,2018-08-14,https://www.mmobomb.com/league-of-angels-3
282,BlackShot: Revolution,https://www.mmobomb.com/g/282/thumbnail.jpg,"Become an elite mercenary operative and take on the world in BlackShot: Revolution, a new take on Vertigo Games' free-to-play shooter BlackShot. Arm yourself with a wide assortment of rifles, shotguns, pistols, and melee weapons, and go up against other players in fast and hard-hitting PvP action!",https://www.mmobomb.com/open/blackshot,Shooter,PC (Windows),Papaya Play,Vertigo Games,2018-07-27,https://www.mmobomb.com/blackshot
31,Cosmos Invictus,https://www.mmobomb.com/g/31/thumbnail.jpg,"Decide the fate of humanity in Cosmos Invictus, a sci-fi, free-to-play CCG from Pegnio Ltd.",https://www.mmobomb.com/open/cosmos-invictus,Card Game,PC (Windows),Pegnio Ltd,Pegnio Ltd,2018-06-27,https://www.mmobomb.com/cosmos-invictus
460,Empire: World War 3,https://www.mmobomb.com/g/460/thumbnail.jpg,"Empire: World War III is a free-to-play browser-based strategy game from the developer of Legends of Honor. Players guild bases, train units, and control them in battle.",https://www.mmobomb.com/open/empireww3,Strategy,Web Browser,Goodgame Studios,Goodgame Studios,2018-06-28,https://www.mmobomb.com/empireww3
506,Totally Accurate Battlegrounds,https://www.mmobomb.com/g/506/thumbnail.jpg,"Dive into hyper-realistic battle royale action in Landfall's Totally Accurate Battlegrounds, now free-to-play. Up to 60 players compete to be the last man wobbling, using weapons like the balloon crossbow, inflatable hammer to achieve their murderous goals.",https://www.mmobomb.com/open/tabg,Shooter,PC (Windows),Landfall,Landfall,2018-06-06,https://www.mmobomb.com/tabg
434,Will To Live,https://www.mmobomb.com/g/434/thumbnail.jpg,"Will to Live is a free-to-play MMORPG-shooter developed and published by AlphaSoft LLC. Set in a post-apocalyptic wasteland, the game is an open-world shooter littered with radiation, mutants, and other survivors.",https://www.mmobomb.com/open/will-to-live,MMORPG,PC (Windows),AlphaSoft LLC,AlphaSoft LLC,2018-04-05,https://www.mmobomb.com/will-to-live
42,Spellsworn,https://www.mmobomb.com/g/42/thumbnail.jpg,"Duel to the death in an ever-shrinking arena in Spellsworn, the free-to-play arena fighting game from Frogsong Studios, inspired by classic PvP arena games.",https://www.mmobomb.com/open/spellsworn,MOBA,PC (Windows),Frogsong Studios AB,Frogsong Studios AB,2018-03-13,https://www.mmobomb.com/spellsworn
43,Z1 Battle Royale,https://www.mmobomb.com/g/43/thumbnail.jpg,"Formerly known as H1Z1, Z1 Battle Royale was one of the first battle royale games on the market, and now it's come back to its roots and gone free-to-play!",https://www.mmobomb.com/open/z1-battle-royale,Shooter,PC (Windows),Daybreak Game Company,Daybreak Game Company,2018-02-28,https://www.mmobomb.com/z1-battle-royale
44,Tale Of Toast,https://www.mmobomb.com/g/44/thumbnail.jpg,"Adventure and risk await you in Tale of Toast, a free-to-play sandbox MMORPG with open-world PvP and a freeform play style that evokes old-school MMOs.",https://www.mmobomb.com/open/tale-of-toast,MMORPG,PC (Windows),Toasty Leaf AB,Toasty Leaf AB,2018-02-23,https://www.mmobomb.com/tale-of-toast
45,SoulWorker,https://www.mmobomb.com/g/45/thumbnail.jpg,"Put your soul to work in SoulWorker, the free-to-play action MMORPG from VALOFE that uses your very soul as a weapon!",https://www.mmobomb.com/open/soulworker,MMORPG,PC (Windows),G・O・P,VALOFE,2018-02-27,https://www.mmobomb.com/soulworker
47,Bombtag,https://www.mmobomb.com/g/47/thumbnail.jpg,Bombtag is a free-to-play multiplayer Bomberman-inspired game.,https://www.mmobomb.com/open/bombtag,Strategy,PC (Windows),David Schneider,David Schneider,2018-02-12,https://www.mmobomb.com/bombtag
49,Dead Maze,https://www.mmobomb.com/g/49/thumbnail.jpg,"Take on the zombie hordes in Dead Maze, a free-to-play 2D massively multiplayer cooperative game set in a post-apocalyptic world.",https://www.mmobomb.com/open/dead-maze,MMORPG,PC (Windows),801,801,2018-02-13,https://www.mmobomb.com/dead-maze
316,Scions of Fate,https://www.mmobomb.com/g/316/thumbnail.jpg,"Scions of Fate (Yulgang in Asia) is 3D Fantasy MMORPG very popular in Korea and china with more than 100 million fans. Game features include faction based PvP, guild system (House), and players run shops.",https://www.mmobomb.com/open/scions-of-fate,MMORPG,PC (Windows),NETGAME Inc,MGAME Corporation,2018-01-30,https://www.mmobomb.com/scions-of-fate
22,Wild Terra Online,https://www.mmobomb.com/g/22/thumbnail.jpg,"Make friends, make enemies, and survive the elements in Wild Terra Online, a free-to-play survival MMORPG from Juvty Worlds Ltd.",https://www.mmobomb.com/open/wild-terra-online,MMORPG,PC (Windows),Juvty Worlds Ltd.,Juvty Worlds Ltd.,2017-12-18,https://www.mmobomb.com/wild-terra-online
52,Closers,https://www.mmobomb.com/g/52/thumbnail.jpg,"In Closers, a free-to-play fighting MMORPG, horrific creatures are springing from mysterious dimensional gates all around New Seoul, and it's up to you to stop them!",https://www.mmobomb.com/open/closers,MMORPG,PC (Windows),En Masse Entertainment,Naddic Games,2017-12-19,https://www.mmobomb.com/closers
322,La Tale Evolved,https://www.mmobomb.com/g/322/thumbnail.jpg,"LaTale is a free-to-play 2D side-scrolling fantasy MMORPG with anime inspired graphics, lots of quests and a massive player base.",https://www.mmobomb.com/open/la-tale,MMORPG,PC (Windows),Papaya Play,Actoz Soft,2017-11-17,https://www.mmobomb.com/la-tale
120,Luna Online: Reborn,https://www.mmobomb.com/g/120/thumbnail.jpg,"Relive your favorite Luna Online memories with Luna Online: Reborn, Suba Games' remake of the anime-styled free-to-play MMORPG! Set in the fantasy world of Blueland, Luna Online: Reborn takes all that was great about Luna Online and adds even more, while removing many of the restrictions and annoyances of its predecessor.",https://www.mmobomb.com/open/luna-online,MMORPG,PC (Windows),Suba Games,Suba Games,2017-10-17,https://www.mmobomb.com/luna-online
695,Call of War,https://www.mmobomb.com/g/695/thumbnail.jpg,"Rewrite the course of World War II in Call of War, a free-to-play browser-based strategy game from Bytro Labs.",https://www.mmobomb.com/open/call-of-war,Strategy,Web Browser,Bytro Labs,Bytro Labs,2017-10-21,https://www.mmobomb.com/call-of-war
1040,NosTale,https://www.mmobomb.com/g/1040/thumbnail.jpg,NosTale is a free-to-play anime action MMORPG.,https://www.mmobomb.com/open/nostale,MMORPG,PC (Windows),GameForge,Entwell,2017-09-18,https://www.mmobomb.com/nostale
58,The Ultimatest Battle,https://www.mmobomb.com/g/58/thumbnail.jpg,"Take command of pint-sized brawlers with plus-sized arsenals in The Ultimatest Battle, a free-to-play platformer fighting game from Ediogames.",https://www.mmobomb.com/open/the-ultimatest-battle,Fighting,PC (Windows),Ediogames,Ediogames,2017-09-12,https://www.mmobomb.com/the-ultimatest-battle
30,Quake Champions,https://www.mmobomb.com/g/30/thumbnail.jpg,"Experience the new iteration of the world's first competitive online shooter in Quake Champions, a free-to-play title from id Software and Bethesda Softworks.",https://www.mmobomb.com/open/quake-champions,Shooter,PC (Windows),Bethesda Softworks,id Software,2017-08-22,https://www.mmobomb.com/quake-champions
354,Gods Origin Online,https://www.mmobomb.com/g/354/thumbnail.jpg,"Gods Origin Online is a 2D free-to-play browser MMORPG where you'll fight alongside the gods themselves in an epic war of faith. Perform various tasks, such as daily quests and storyline quests to advance your character and eventually you'll be able to summon the gods themselves to aid you in battle!",https://www.mmobomb.com/open/gods-origin,MMORPG,Web Browser,VivaGame,VivaGame,2017-08-29,https://www.mmobomb.com/gods-origin
61,Black Squad,https://www.mmobomb.com/g/61/thumbnail.jpg,"Black Squad is a free-to-play military first-person shooter with hardcore action and enough game modes to please any FPS fan. Battles range in size from 5v5 skirmishes to 16v16 ""battle mode"" where players can call in air strikes.",https://www.mmobomb.com/open/black-squad,Shooter,PC (Windows),NEOWIZ,NS Studio,2017-07-28,https://www.mmobomb.com/black-squad
64,Secret World Legends,https://www.mmobomb.com/g/64/thumbnail.jpg,"Experience the rich, handcrafted storyline and moody atmosphere of Funcom's The Secret World in its free-to-play spinoff, Secret World Legends! Featuring the same gameplay as TSW, Secret World Legends offers improved combat, a re-designed progression system, and updated visuals, breathing new life into this classic MMORPG.",https://www.mmobomb.com/open/secret-world-legends,MMORPG,PC (Windows),Funcom,Funcom,2017-07-31,https://www.mmobomb.com/secret-world-legends
65,Pixel Worlds,https://www.mmobomb.com/g/65/thumbnail.jpg,"Create your own world and enjoy endless customization in Pixel Worlds, a 2D free-to-play MMORPG from Kukouri Mobile Entertainment!",https://www.mmobomb.com/open/pixel-worlds,MMORPG,PC (Windows),Kukouri Mobile Entertainment,Kukouri Mobile Entertainment,2017-06-09,https://www.mmobomb.com/pixel-worlds
55,Deceit,https://www.mmobomb.com/g/55/thumbnail.jpg,"Now free-to-play, Deceit is a multiperson FPS that challenges players not only to kill their enemies but figure out who their enemies actually are.",https://www.mmobomb.com/open/deceit,Shooter,PC (Windows),Automaton,Automaton,2017-05-03,https://www.mmobomb.com/deceit
66,Gwent: The Witcher Card Game,https://www.mmobomb.com/g/66/thumbnail.jpg,"Based on the popular mini-game in Witcher 3: Wild Hunt, Gwent: The Witcher Card Game is a free-to-play CCG with distinctive strategic elements and multiple modes of play.",https://www.mmobomb.com/open/gwent,Card Game,PC (Windows),CD Projekt Red,CD Projekt Red,2017-05-24,https://www.mmobomb.com/gwent
67,Awesomenauts,https://www.mmobomb.com/g/67/thumbnail.jpg,"Fight for the future and be totally awesome in Awesomenauts, a 2D, side-scrolling MOBA that's even better now that it's free-to-play!",https://www.mmobomb.com/open/awesomenauts,MOBA,PC (Windows),Ronimo Games,Ronimo Games,2017-05-24,https://www.mmobomb.com/awesomenauts
70,Alien Swarm: Reactive Drop,https://www.mmobomb.com/g/70/thumbnail.jpg,"Taking its cues from its predecessor, Alien Swarm: Reactive Drop is a free-to-play action shooter with a top-down view and tons of extra-terrestrial baddies to exterminate.",https://www.mmobomb.com/open/alien-swarm-reactive-drop,Shooter,PC (Windows),Reactive Drop,Reactive Drop,2017-04-20,https://www.mmobomb.com/alien-swarm-reactive-drop
71,Catan Universe,https://www.mmobomb.com/g/71/thumbnail.jpg,"Explore, build, and trade in Catan Universe, an online free-to-play version of the legendary Settlers of Catan board game!",https://www.mmobomb.com/open/catan-universe,Card Game,PC (Windows),United Soft Media,Exozet,2017-04-25,https://www.mmobomb.com/catan-universe
72,Krosmaga,https://www.mmobomb.com/g/72/thumbnail.jpg,"Cards and cuteness collide in Krosgama, a free-to-play CCG/board game from the makers of Dofus and Wakfu.",https://www.mmobomb.com/open/krosmaga,Card Game,PC (Windows),Ankama Games,Ankama Studio,2017-04-12,https://www.mmobomb.com/krosmaga
355,Chronicles of Eidola,https://www.mmobomb.com/g/355/thumbnail.jpg,"Embark on an epic adventure with revolutionary graphics and gameplay in Chronicles of Eidola, a free-to-play, turn-based browser MMORPG from AMZGame! CoE uses a new 3-D engine to render its colorful characters, spell and weapon effects, and ferocious monsters in stunning detail.",https://www.mmobomb.com/open/chronicles-of-eidola,MMORPG,Web Browser,AMZ Games,AMZ Games,2017-04-10,https://www.mmobomb.com/chronicles-of-eidola
87,MU Legend,https://www.mmobomb.com/g/87/thumbnail.jpg,"Fight against the God of Destruction in Mu Legend, the free-to-play action RPG follow-up to Webzen's popular Mu Online. The attempt to hide evil in a human body failed, causing death and destruction on a massive scale.",https://www.mmobomb.com/open/mu-legend,MMORPG,PC (Windows),VALOFE,VALOFE,2017-03-23,https://www.mmobomb.com/mu-legend
421,Therian Saga,https://www.mmobomb.com/g/421/thumbnail.jpg,"Therian Saga is a free to play browser-based sandbox MMORPG with strategy elements where players create a unique character to explore, hunt, train, and craft. Therian Saga is not your typical role-playing game, this browser MMORPG, published by Gameforge AG, offers turn-based combat, a complex crafting system, a task-based queue system and Dungeons and Dragons-inspired dungeon crawling.",https://www.mmobomb.com/open/therian-saga,MMORPG,"PC (Windows), Web Browser",Gameforge,Virtys,2017-03-27,https://www.mmobomb.com/therian-saga
557,Mars Tomorrow,https://www.mmobomb.com/g/557/thumbnail.jpg,"Explore the Red Planet and save humanity in Mars Tomorrow, a free-to-play browser simulation game from Gamefabrik and Bytro Labs.",https://www.mmobomb.com/open/mars-tomorrow,Strategy,Web Browser,Bytro Labs,Gamefabrik,2017-02-14,https://www.mmobomb.com/mars-tomorrow
69,Cabals: Card Blitz,https://www.mmobomb.com/g/69/thumbnail.jpg,"Jump into zany, fast-paced action with Cabals: Card Blitz, a free-to-play CCG with autoplay capability and lightning-fast battles.",https://www.mmobomb.com/open/cabals-card-blitz,Card Game,PC (Windows),BISBOG SA,Kyy Games,2017-02-08,https://www.mmobomb.com/cabals-card-blitz
82,Line of Sight,https://www.mmobomb.com/g/82/thumbnail.jpg,"Shotguns and sorcery collide in Line of Sight, an unconventional free-to-play first-person shooter from BlackSpot Entertainment and Game & Game. When conventional weapons aren't enough, take down your enemies with fireballs and tornadoes.",https://www.mmobomb.com/open/line-of-sight,Shooter,PC (Windows),BlackSpot Entertainment,BlackSpot Entertainment,2017-01-31,https://www.mmobomb.com/line-of-sight
343,Dragon Awaken,https://www.mmobomb.com/g/343/thumbnail.jpg,"Awaken your inner dragon in Dragon Awaken, a free-to-play browser MMORPG where you take on the powers of a dragon to defend your kingdom! Level up your character, face challenging dungeons, earn mounts, and -- most of all -- harness the power of a dragon!",https://www.mmobomb.com/open/dragon-awaken,MMORPG,Web Browser,Proficient city,Game Hollywood,2017-01-03,https://www.mmobomb.com/dragon-awaken
630,Conflict of Nations,https://www.mmobomb.com/g/630/thumbnail.jpg,Take over the world in free-to-play strategy game Conflict of Nations from Dorado Games and Bytro Labs.,https://www.mmobomb.com/open/conflict-of-nations,Strategy,Web Browser,Bytro Labs,Dorado Games,2016-12-01,https://www.mmobomb.com/conflict-of-nations
85,Infestation: The New Z,https://www.mmobomb.com/g/85/thumbnail.jpg,"Fight against the zombie hordes and other desperate souls in Infestation: The New Z, a free-to-play survival game from the people who brought you Infestation: Survivor Stories.",https://www.mmobomb.com/open/infestation-new-z,Shooter,PC (Windows),OP Productions LLC,Fredaikis AB,2016-11-22,https://www.mmobomb.com/infestation-new-z
92,One Tower,https://www.mmobomb.com/g/92/thumbnail.jpg,"Get ready for intense, one-on-one action with One Tower, a ""micro-MOBA"" from SkyReacher Entertainment where victory or defeat is entirely up to you. Choose your hero and carefully choose your wave of minions to progress down the single lane and destroy your opponent's tower -- but watch out for traps!",https://www.mmobomb.com/open/one-tower,MOBA,PC (Windows),SkyReacher Entertainment,SkyReacher Entertainment,2016-11-11,https://www.mmobomb.com/one-tower
88,Shadowverse,https://www.mmobomb.com/g/88/thumbnail.jpg,"From the creators of Rage of Bahamut and Granblue Fantasy comes the hit free-to-play CCG from Japan, Shadowverse.",https://www.mmobomb.com/open/shadowverse,Card Game,PC (Windows),"Cygames, Inc.","Cygames, Inc.",2016-10-28,https://www.mmobomb.com/shadowverse
89,AdventureQuest 3D,https://www.mmobomb.com/g/89/thumbnail.jpg,"AdventureQuest 3D is Artix Entertainment's free-to-play follow-up to AdventureQuest Worlds, offering a fantastic MMORPG experience across multiple platforms.",https://www.mmobomb.com/open/adventurequest-3d,MMORPG,PC (Windows),Artix Entertainment,Artix Entertainment,2016-10-19,https://www.mmobomb.com/adventurequest-3d
93,Riding Club Championships,https://www.mmobomb.com/g/93/thumbnail.jpg,"Compete in equestrian events against players from around the world in Riding Club Championships, an online free-to-play horse racing game from Artplant. Participate in show jumping, barrel racing, pole bending, agility and jump agility alone or against friends.",https://www.mmobomb.com/open/riding-club-championships,Racing,PC (Windows),Artplant,Artplant,2016-09-27,https://www.mmobomb.com/riding-club-championships
94,Battlerite,https://www.mmobomb.com/g/94/thumbnail.jpg,"From the same dev team that brought you Bloodline Champions comes Battlerite, a free-to-play MOBA with a cast of colorful characters and a focus on skill-based gameplay. With a focus on short matches and fast action, Battlerite plays at a frenetic pace and offers spectator mode so you can cheer on your favorite players.",https://www.mmobomb.com/open/battlerite,MOBA,PC (Windows),Stunlock Studios,Stunlock Studios,2016-09-21,https://www.mmobomb.com/battlerite
95,Paladins,https://www.mmobomb.com/g/95/thumbnail.jpg,Paladins: Champions of the Realm has a gameplay style similar to games like Overwatch or Battleborn.,https://www.mmobomb.com/open/paladins,Shooter,PC (Windows),Hi-Rez Studios,Hi-Rez Studios,2016-09-16,https://www.mmobomb.com/paladins
344,Omega Zodiac,https://www.mmobomb.com/g/344/thumbnail.jpg,"Fight for the goddess Athena and earn amazing rewards in Omega Zodiac, a free-to-play browser-based action MMORPG from Proficient City and Game Hollywood. Choose one of three classes: the melee knight, the nimble archer, or the arcane mage, each with its own play style and special powers.",https://www.mmobomb.com/open/omega-zodiac,MMORPG,Web Browser,Proficient City,Game Hollywood,2016-08-25,https://www.mmobomb.com/omega-zodiac
106,Riders of Icarus,https://www.mmobomb.com/g/106/thumbnail.jpg,"Master fantastic beasts and engage in daring three-dimensional aerial combat in Riders of Icarus, a free-to-play MMORPG from WeMade Entertainment and Nexon! Explore a lushly developed virtual fantasy world from the ground and from the skies, and join other heroes in the fight against evil.",https://www.mmobomb.com/open/riders-of-icarus,MMORPG,PC (Windows),VALOFE,WeMade,2016-07-06,https://www.mmobomb.com/riders-of-icarus
365,Naruto Online,https://www.mmobomb.com/g/365/thumbnail.jpg,"Relive your favorite moments from Naruto in Naruto online, a free-to-play browser-based MMORPG officially licensed by Bandai and based on the storyline of the anime. Play as one of the anime's popular characters, such as Naruto Umuzaki or Sakura Haruno -- voiced by their anime actors -- to relive the anime or choose one of five characters representing the element of earth, water, fire, wind, or lightning and embark on your own adventures!",https://www.mmobomb.com/open/naruto-online,MMORPG,Web Browser,OAS Games,Bandai Namco,2016-07-20,https://www.mmobomb.com/naruto-online
108,Zula,https://www.mmobomb.com/g/108/thumbnail.jpg,"Travel to exotic locales and battle across 10 different maps in Zula, a free-to-play shooter by Madbyte Games and IDC Games. Join up with the Zula, a vigilante group, or Gladyo, a paramilitary organization.",https://www.mmobomb.com/open/zula,Shooter,PC (Windows),IDC/Games,IDC/Games,2016-06-23,https://www.mmobomb.com/zula
109,LuckCatchers,https://www.mmobomb.com/g/109/thumbnail.jpg,"Embark on a grand and sweeping adventure in the skies with LuckCatchers, a free-to-play ""social-economic sandbox RPG"" from DiP Online. Construct your own settlements and exploit the land for profit, and hire on other players to work for you.",https://www.mmobomb.com/open/luckcatchers,MMORPG,PC (Windows),DiP Online,DiP Online,2016-06-15,https://www.mmobomb.com/luckcatchers
110,UFO Online: Invasion,https://www.mmobomb.com/g/110/thumbnail.jpg,"Face down hordes of bloodthirsty aliens -- and fellow humans fighting for survival -- in turn-based tactical combat with Bad Pixel's UFO Online: Invasion. In the near future, aliens attacked Earth and a deadly virus decimated the human population.",https://www.mmobomb.com/open/ufo-online-invasion,MMORPG,PC (Windows),Bad Pixel,Bad Pixel,2016-06-08,https://www.mmobomb.com/ufo-online-invasion
112,Weapons Of Mythology,https://www.mmobomb.com/g/112/thumbnail.jpg,"Claim your relic and fight against the powers of darkness in Weapons of Mythology -- New Age, a free-to-play MMORPG that draws inspiration from Chinese myth and legend. Two factions fight for control of the ultimate relic, while a third seeks to destroy everything in its path.",https://www.mmobomb.com/open/weapons-of-mythology,MMORPG,PC (Windows),IDC/Games,Gamemag,2016-06-07,https://www.mmobomb.com/weapons-of-mythology
116,Tree of Savior,https://www.mmobomb.com/g/116/thumbnail.jpg,Tree of Savior is a vividly designed MMORPG with lush graphics and a surprisingly deep combat system that challenges players to come up with new strategies on the fly. Tree of Savior's diverse character classes -- 80 in total -- and their various job advancements guarantee that you'll find something you like to play.,https://www.mmobomb.com/open/tree-of-savior,MMORPG,PC (Windows),IMC Games,IMC Games,2016-05-10,https://www.mmobomb.com/tree-of-savior
118,Starbreak,https://www.mmobomb.com/g/118/thumbnail.jpg,"Set in the distant future, when humanity is on the brink of extinction, StarBreak is a free-to-play platformer MMO with loads of exploration and fast-paced combat. Choose your class and follow your allies into combat in confusing mazes that are different every time you play, but watch out -- a boss lurks at the end of these zones, and if you die, you'll have to start completely over!",https://www.mmobomb.com/open/starbreak,MMORPG,"PC (Windows), Web Browser",Crunchy Games,Crunchy Games,2016-05-10,https://www.mmobomb.com/starbreak
119,Fantasy Tales Online,https://www.mmobomb.com/g/119/thumbnail.jpg,"Fantasy Tales Online is a charming 2D free-to-play MMORPG that hearkens back to the classic days of console RPGs, while including the social elements of modern MMOs. There are thousands of ways to build your character and a wide range of powers to master, so you can most efficiently beat down the monsters and collect their loot!",https://www.mmobomb.com/open/fantasy-tales-online,MMORPG,PC (Windows),Cold Tea Studio,Cold Tea Studio,2016-05-06,https://www.mmobomb.com/fantasy-tales-online
370,Dragon Blood,https://www.mmobomb.com/g/370/thumbnail.jpg,"Rise again to fight evil in 101XP's Dragon Blood, an epic browser-based free-to-play MMORPG that puts the power of dragons under your control! Awaken your inner dragon and fight epic battles against the forces of evil in a game that features deep character customization and loads of content.",https://www.mmobomb.com/open/dragon-blood,MMORPG,Web Browser,101XP,101XP,2016-04-16,https://www.mmobomb.com/dragon-blood
371,League of Angels 2,https://www.mmobomb.com/g/371/thumbnail.jpg,"Embark on an epic quest to save the planet of Sapphire in League of Angels 2 (LoA2), the free-to-play browser-based MMORPG sequel to one of the most popular games of the past several years. Recruit your team of angels to fight against demonic beasts and their vile masters in a gorgeously rendered fantasy world.",https://www.mmobomb.com/open/league-angels-2,MMORPG,Web Browser,GTArcade,GTArcade,2016-04-06,https://www.mmobomb.com/league-angels-2
117,Astral Heroes,https://www.mmobomb.com/g/117/thumbnail.jpg,"Astral Heroes is a free-to-play collectible card game that offers some unique twists and variations on the classic CCG formula. The follow-up to Apus Software's Astral Masters, Astral Heroes offers many different game modes, including a PvE campaign, draft tournaments, and random deck matchups, as well as the ability to track your progress on leaderboards to see how you match up against other players from around the world.",https://www.mmobomb.com/open/astral-heroes,Card Game,PC (Windows),Apus Software,Apus Software,2016-03-15,https://www.mmobomb.com/astral-heroes
124,Holodrive,https://www.mmobomb.com/g/124/thumbnail.jpg,"Blast some robotic butt in Holodrive, a free-to-play 2D shooter from BitCake Studio and Versus Evil. The Holocorp ""Dummy"" robots were designed to be man's new best friend, but they instead became murderous machines looking only to blow each other up -- and look good doing it.",https://www.mmobomb.com/open/holodrive,Shooter,PC (Windows),Versus Evil,BitCake Studio,2016-03-24,https://www.mmobomb.com/holodrive
304,Cabal Online,https://www.mmobomb.com/g/304/thumbnail.jpg,"Cabal Online is a free 3d Fantasy MMORPG (Massively multiplayer online role playing game) with fast paced combat system and awesome graphics, that takes place in the world of Nevareth. The game provides quite good options, with features that include a unique combo system, timed and group dungeons, spectacular animations, and massive player versus player nation wars.",https://www.mmobomb.com/open/cabal-online,MMORPG,PC (Windows),ESTsoft,ESTsoft,2016-02-17,https://www.mmobomb.com/cabal-online
125,Atom Universe,https://www.mmobomb.com/g/125/thumbnail.jpg,"Live another life in Atom Universe, a free-to-play social virtual world from Atom Republic that has lots of fun activities and places to explore, alone or with friends. You can play in the Minikart Race or the Shooting Gallery, or try your hand at some Motor Stunts.",https://www.mmobomb.com/open/atom-universe,Social,PC (Windows),Atom Republic,Atom Republic,2016-02-27,https://www.mmobomb.com/atom-universe
128,Spellweaver,https://www.mmobomb.com/g/128/thumbnail.jpg,"Spellweaver is a free-to-play online collectible card game that offers vast strategic options and a variety of game modes sure to please players of all skill levels. Spellweaver combat is more interactive than in most CCGs, requiring players to make real-time defensive decisions when attacked, and even launch counterattacks of their own.",https://www.mmobomb.com/open/spellweaver,Card Game,PC (Windows),Dream Reactor,Dream Reactor,2016-02-02,https://www.mmobomb.com/spellweaver
6,Blade & Soul (Blade & Soul NEO),https://www.mmobomb.com/g/6/thumbnail.jpg,"Blade & Soul is a free to play 3D action-combat MMORPG. In Blade & Soul, you'll take part in epic martial-arts action, fighting evil at every turn with your vast array of physical and mystical abilities.",https://www.mmobomb.com/open/blade-and-soul,MMORPG,PC (Windows),NCSoft,NCSoft,2016-01-19,https://www.mmobomb.com/blade-and-soul
374,Clash of Avatars,https://www.mmobomb.com/g/374/thumbnail.jpg,"Clash of Avatars is a free to play browser-based ARPG with simple controls and ease of play that’s virtually unrivaled in the realm of online gaming. It’s light-hearted, casual fun with a bright and cheery anime style that’s evident even when you’re hacking through scores of enemies.",https://www.mmobomb.com/open/clash-of-avatars,MMORPG,Web Browser,AMZgame,AMZgame,2016-01-19,https://www.mmobomb.com/clash-of-avatars
134,War Trigger 3,https://www.mmobomb.com/g/134/thumbnail.jpg,"Blasting out of Rocketeer Games is War Trigger 3 (formerly Red Crucible: Firestorm) a free-to-play MMO shooter that pulls players into intense online matches featuring infantry, vehicle and air combat across massive maps. Equipped with gear taken straight from modern military forces, Red Crucible: Firestorm will give players to choose their preferred fighting style from the Assault, Sniper, Support, and Demolitions classes.",https://www.mmobomb.com/open/wt3,Shooter,PC (Windows),Rocketeer Games,Rocketeer Games,2015-12-23,https://www.mmobomb.com/wt3
136,VEGA Conflict,https://www.mmobomb.com/g/136/thumbnail.jpg,VEGA Conflict is a Cross-Platform free to play 2D browser based sci-fi strategy MMO. VEGA Conflict requires players to take on the role of space minters and seek absolute control over the scarce resources found in the sectors’ asteroids.,https://www.mmobomb.com/open/vega-conflict,Strategy,PC (Windows),KIXEYE,KIXEYE,2015-12-15,https://www.mmobomb.com/vega-conflict
137,Metal War Online: Retribution,https://www.mmobomb.com/g/137/thumbnail.jpg,Metal War Online: Retribution is a high-speed futuristic multiplayer online car shooter game with racing elements. In the future corporations around the world are involved in huge wars for resources.,https://www.mmobomb.com/open/metal-war-online,Shooter,PC (Windows),GDT Limited,GDT Limited,2015-12-11,https://www.mmobomb.com/metal-war-online
139,Immortal Empire,https://www.mmobomb.com/g/139/thumbnail.jpg,"Immortal Empire is a free to play role playing game with strategy elements, developed by Tactic Studios. Adventure as an immortal in the realm of Alvedor while discovering the secrets of the Empire.",https://www.mmobomb.com/open/immortal-empire,MMORPG,PC (Windows),Tactic Studios Inc.,Tactic Studios Inc.,2015-12-03,https://www.mmobomb.com/immortal-empire
222,MechWarrior Online,https://www.mmobomb.com/g/222/thumbnail.jpg,MechWarrior Online is a free to play 3D simulation style multiplayer FPS mech game that captures the feeling of piloting a gigantic BattleMech. Players take control of one of a variety of towering Mechs which weight dozens of tons.,https://www.mmobomb.com/open/mechwarrior-online,Shooter,PC (Windows),Piranha Games Inc.,Piranha Games Inc.,2015-12-10,https://www.mmobomb.com/mechwarrior-online
212,Brawlhalla,https://www.mmobomb.com/g/212/thumbnail.jpg,"Brawlhalla is a fast-paced, frenetic smash-em-up like no other! OK, it's a little like that one “Smash” game...",https://www.mmobomb.com/open/brawlhalla,Fighting,PC (Windows),Blue Mammoth Games,Blue Mammoth Games,2015-11-03,https://www.mmobomb.com/brawlhalla
7,Armored Warfare,https://www.mmobomb.com/g/7/thumbnail.jpg,"Armored Warfare is a free-to-play multiplayer tank combat simulator from Obsidian. Players have a wide variety of tanks, maps, and game modes to challenge their skills against others.",https://www.mmobomb.com/open/armored-warfare,Shooter,PC (Windows),Wishlist Games,Obsidian Entertainment,2015-10-08,https://www.mmobomb.com/armored-warfare
149,America’s Army: Proving Grounds,https://www.mmobomb.com/g/149/thumbnail.jpg,America's Army: Proving Grounds offers players the most realistic military experience available.,https://www.mmobomb.com/open/americas-army,Shooter,PC (Windows),U.S. Army,U.S. Army,2015-10-01,https://www.mmobomb.com/americas-army
346,One Piece Online 2,https://www.mmobomb.com/g/346/thumbnail.jpg,"One Piece Online 2: Pirate King is a free-to-play, browser-based 2D MMORPG based on the immensely popular One Piece franchise that follows Luffy and his friends on his quest to become the Pirate King. In this turn-based game, players initially meet their guides, some of the more popular One Piece characters, and set off to find Luffy.",https://www.mmobomb.com/open/one-piece-online-2,MMORPG,Web Browser,JoyGames,JoyGames,2015-09-25,https://www.mmobomb.com/one-piece-online-2
383,Legends of Honor,https://www.mmobomb.com/g/383/thumbnail.jpg,"Goodgames' Legends of Honor is a free-to-play browser MMORTS game that puts players in charge of sprawling medieval kingdoms and lets them engage in fierce struggles for territory and glory. Harvest resources, levy taxes, build up your armies, recruit valiant heroes, join an alliance, and invade your enemies, but beware!",https://www.mmobomb.com/open/legends-of-honor,Strategy,Web Browser,Goodgame Empire,Goodgame Studios,2015-08-20,https://www.mmobomb.com/legends-of-honor
384,Felspire,https://www.mmobomb.com/g/384/thumbnail.jpg,"In 37 Games' newest title, you'll cut your way through endless hordes of demons and other cursed beasts as you seek to unravel the mysteries of the ancient and mysterious Felspire. Choose from one of three characters and choose from over 100,000 outfits to make your mark on the world and carve your name alongside the gods themselves.",https://www.mmobomb.com/open/felspire,MMORPG,Web Browser,37Games,37Games Entertainment,2015-08-07,https://www.mmobomb.com/felspire
152,WARMODE,https://www.mmobomb.com/g/152/thumbnail.jpg,"Imagine this you are stuck in a world defined by two confrontational, irreconcilable sides; represented by the government military housings, and the armed hirelings. Try your hand at virtual battles with fast paced gameplay and off-scale dynamics in the spirit of all classic shooter games before.",https://www.mmobomb.com/open/warmode,Shooter,PC (Windows),WARTEAM,WARTEAM,2015-08-26,https://www.mmobomb.com/warmode
154,Sphere 3: Enchanted World,https://www.mmobomb.com/g/154/thumbnail.jpg,Sphere III: Enchanted World is a 3D fantasy action MMORPG that was published by Nikita Online. Use the game’s unique non-target combat system and participate in the PvP that is a strong focus in Sphere III.,https://www.mmobomb.com/open/sphere-3,MMORPG,PC (Windows),NIKITA ONLINE,NIKITA ONLINE,2015-08-18,https://www.mmobomb.com/sphere-3
157,Fishing Planet,https://www.mmobomb.com/g/157/thumbnail.jpg,"The core focus of Fishing Planet is providing players with a peaceful environment that they can relax in while waiting for that big catch. With seven locations and an array of weather conditions to take advantage of, Fishing Planet offers a unique experience in player interaction.",https://www.mmobomb.com/open/fishing-planet,Sports,PC (Windows),Fishing Planet LLC,Fishing Planet LLC,2015-08-11,https://www.mmobomb.com/fishing-planet
8,Trove,https://www.mmobomb.com/g/8/thumbnail.jpg,Trove is a Voxel-based MMO from Trion Worlds that generates exciting new worlds on a regular basis.,https://www.mmobomb.com/open/trove,MMORPG,PC (Windows),Trion Worlds,Trion Worlds,2015-07-09,https://www.mmobomb.com/trove
386,Aberoth,https://www.mmobomb.com/g/386/thumbnail.jpg,"Adventure, magic, and fantasy await you in Aberoth, a free-to-play MMORPG crafted in the retro graphics of days gone by! Don’t let the graphics fool you, though, for Aberoth offers much to players who dare to embark on the path it offers.",https://www.mmobomb.com/open/aberoth, MMORPG,Web Browser,Jarbit,Jarbit,2015-07-17,https://www.mmobomb.com/aberoth
159,Codename CURE,https://www.mmobomb.com/g/159/thumbnail.jpg,"The undead prowl the maps in search of flesh in Codename CURE, a free to play MMOFPS with objective based missions set against the backdrop of a zombie apocalypse. Taking a leaf from Team Fortress 2’s book, Codename CURE gives players access to five different classes to play as, each with their own strengths and weakness against the zombie hordes.",https://www.mmobomb.com/open/codename-cure,Shooter,PC (Windows),Hoobalugalar_X,Hoobalugalar_X,2015-07-18,https://www.mmobomb.com/codename-cure
163,Card Hunter,https://www.mmobomb.com/g/163/thumbnail.jpg,"Card Hunter is a 2D browser-based game that combines elements of a trading card game and table-top gaming. Developed and published by Blue Manchu, Card Hunter gives players the experience to play as a person, playing a role-playing game.",https://www.mmobomb.com/open/card-hunter,Card Game,"PC (Windows), Web Browser",Blue Manchu,Blue Manchu,2015-07-14,https://www.mmobomb.com/card-hunter
104,Fallout Shelter,https://www.mmobomb.com/g/104/thumbnail.jpg,"In Fallout Shelter, you'll populate and manage the citizens of your Vault-Tec Vault, protecting them from the dangers of the Wasteland.",https://www.mmobomb.com/open/fallout-shelter,Strategy,PC (Windows),Bethesda Game Studios,Bethesda Game Studios,2015-06-14,https://www.mmobomb.com/fallout-shelter
388,Lord’s Road,https://www.mmobomb.com/g/388/thumbnail.jpg,"Lord’s Road is a free-to-play 2D browser-based fantasy MMORPG that features two playable classes. While some players may call its simple two-class system (Warrior and Mage) limiting, many players enjoy the fresh challenge that Lord’s Road has placed before them.",https://www.mmobomb.com/open/lords-road,MMORPG,Web Browser,AMZGame,AMZGame,2015-06-03,https://www.mmobomb.com/lords-road
167,Salem,https://www.mmobomb.com/g/167/thumbnail.jpg,"Salem is a free-to-play crafting MMORPG developed by Seatribe and Mortal Moments, Inc. Players will experience an enormous open-world colonial setting where creation is the goal and all the necessary materials are for the taking – and permanent death is a real possibility.",https://www.mmobomb.com/open/salem,MMORPG,PC (Windows),Mortal Moments,John Carver,2015-06-19,https://www.mmobomb.com/salem
168,Heroes of the Storm,https://www.mmobomb.com/g/168/thumbnail.jpg,"Heroes of the Storm is a fast-paced MOBA from Blizzard Entertainment which pits heroes (and villains) from each of the studio's iconic universes against each other in several objective oriented maps. Unlike other MOBA's, HoTS forgoes items and traditional ability progression, in favor of passive augmentations to their abilities which players can choose from at set level intervals.",https://www.mmobomb.com/open/heroes-of-the-storm,MOBA,PC (Windows), Blizzard Entertainment, Blizzard Entertainment,2015-06-02,https://www.mmobomb.com/heroes-of-the-storm
169,Dirty Bomb,https://www.mmobomb.com/g/169/thumbnail.jpg,"Dirty Bomb, formerly developed under the title Extraction, is a free-to-play MMOFPS developed by Splash Damage and published by Nexon. Set in a post-apocalyptic London, Dirty Bomb boasts a “higher skill ceiling” than other free-to-play shooters in that controllers are not natively supported and no auto aim or aim assist system is used forcing players to develop faster reactions and strategies through gameplay.",https://www.mmobomb.com/open/dirty-bomb,Shooter,PC (Windows),"
Warchest Ltd.",Splash Damage,2015-06-01,https://www.mmobomb.com/dirty-bomb
347,Elvenar,https://www.mmobomb.com/g/347/thumbnail.jpg,"In InnoGames' Elvenar, you can build an epic fantasy city, populated by elves or humans, and watch it grow into a sprawling metropolis, awash in riches and brimming with military might. The elves have powerful magic at their disposal, while humans are well-versed in the arts of war.",https://www.mmobomb.com/open/elvenar,Strategy,Web Browser,InnoGames,InnoGames,2015-04-08,https://www.mmobomb.com/elvenar
357,Vikings: War Of Clans,https://www.mmobomb.com/g/357/thumbnail.jpg,"In Vikings: War of Clans, it's up to you to take on the challenge of managing your village, leading your warriors on raids, and becoming a jarl worthy of song! You'll start off small, with just a single ruined village under your control.",https://www.mmobomb.com/open/vikings-war-of-clans,Strategy,Web Browser,Plarium,Plarium,2015-04-15,https://www.mmobomb.com/vikings-war-of-clans
391,Star Trek: Alien Domain,https://www.mmobomb.com/g/391/thumbnail.jpg,"Star Trek: Alien Domain is a free-to-play sci-fi strategy game played in a web browser. The game features a new Star Trek story, dozens of new starships and alien species.",https://www.mmobomb.com/open/star-trek-alien-domain,Strategy,Web Browser,GameSamba,GameSamba,2015-04-07,https://www.mmobomb.com/star-trek-alien-domain
177,Dungeon Fighter Online,https://www.mmobomb.com/g/177/thumbnail.jpg,Dungeon Fighter Online is a free 2D arcade-style action MMORPG.,https://www.mmobomb.com/open/dungeon-fighter-online,Fighting,PC (Windows),Neople,Neople (Subsidiary of Nexon),2015-03-24,https://www.mmobomb.com/dungeon-fighter-online
56,Grimoire: Manastorm,https://www.mmobomb.com/g/56/thumbnail.jpg,"Sling spells, not guns, in Grimoire: Manastorm, a magic free-to-play FPS from Omniconnection. Take on all comers in PvP deathmatches or intense control-point battles.",https://www.mmobomb.com/open/grimoire-manastorm,Shooter,PC (Windows),Omniconnection,Omniconnection,2015-02-04,https://www.mmobomb.com/grimoire-manastorm
179,Transformice,https://www.mmobomb.com/g/179/thumbnail.jpg,"Transformice is a hilarious, ever-changing platformer that puts you and a bunch of your fellow mice in a race to capture the most cheese and become the all-powerful mouse shaman. The shaman has amazing powers, which can help or hinder her and her fellow mice.",https://www.mmobomb.com/open/transformice,Fantasy,"PC (Windows), Web Browser",Atelier 801,Atelier 801,2015-01-30,https://www.mmobomb.com/transformice
180,Gear Up,https://www.mmobomb.com/g/180/thumbnail.jpg,"Gear Up is a free to play multiplayer arcade action game with tanks and robots. Vehicular combat is fun, and Gear Up is no exception to that.",https://www.mmobomb.com/open/gear-up,Shooter,PC (Windows),Doctor Entertainment,Doctor Entertainment,2015-01-29,https://www.mmobomb.com/gear-up
181,8BitMMO,https://www.mmobomb.com/g/181/thumbnail.jpg,"Listen up all of you 8­bit lovers out there! As the name would suggest, 8BitMMO is a free to play retro­style 2D massively multiplayer game!",https://www.mmobomb.com/open/8bitmmo,MMORPG,"PC (Windows), Web Browser",Archive Entertainment,Archive Entertainment,2015-01-26,https://www.mmobomb.com/8bitmmo
399,Siegelord,https://www.mmobomb.com/g/399/thumbnail.jpg,"Siegelord is a free to play 2D medieval fantasy browser-based MMORTS, players compete with other players by expanding the cities they initially start the game with into vast empires. Published by 37 Games Entertainment, the RTS game is a mix of strategy and civilization building.",https://www.mmobomb.com/open/siegelord,Strategy,Web Browser,37Games Entertainment,37Games Entertainment,2014-12-19,https://www.mmobomb.com/siegelord
182,Dungeon Defenders 2,https://www.mmobomb.com/g/182/thumbnail.jpg,Dungeon Defenders 2 is the sequel to the very popular tower defense game Dungeon Defenders.,https://www.mmobomb.com/open/dungeon-defenders-2,Shooter,PC (Windows),Trendy Entertainment,Trendy Entertainment,2014-12-05,https://www.mmobomb.com/dungeon-defenders-2
184,Blockade 3D,https://www.mmobomb.com/g/184/thumbnail.jpg,Blockade 3D is a free to play multiplayer First Person Shooter (FPS) in an editable procedural world similar to Minecraft. In this cubic sandbox you can build and destroy things with 4 teams at the same time and up to 32 players on one map.,https://www.mmobomb.com/open/blockade-3d,Shooter,PC (Windows),Shumkov Dmitriy,Shumkov Dmitriy,2014-11-05,https://www.mmobomb.com/blockade-3d
185,Eldevin,https://www.mmobomb.com/g/185/thumbnail.jpg,"Eldevin is a free-to-play MMORPG, from Hunted Cow Studios.",https://www.mmobomb.com/open/eldevin,MMORPG,"PC (Windows), Web Browser",Hunted Cow Studios,Hunted Cow Studios,2014-11-05,https://www.mmobomb.com/eldevin
186,Double Action,https://www.mmobomb.com/g/186/thumbnail.jpg,Double Action is a free to play multiplayer online FPS that incorporates bullet time (Matrix style!) in free for all matches across tons of different environments. Get higher scores for kills with flair and claim to the top of the scoreboards.,https://www.mmobomb.com/open/double-action,Shooter,PC (Windows),Double Action Factory,Double Action Factory,2014-10-23,https://www.mmobomb.com/double-action
187,Pox Nora,https://www.mmobomb.com/g/187/thumbnail.jpg,"If you’re looking for a turn-­based strategy game that encompasses the elements of tabletop miniatures, fantasy RPG and collectible card game, look no further than Pox Nora. Developed and published by Desert Owl Games LLC, Pox Nora combines great 2D graphics with endless adventure.",https://www.mmobomb.com/open/pox-nora,Card Game,PC (Windows),Desert Owl Games LLC,Desert Owl Games LLC,2014-10-15,https://www.mmobomb.com/pox-nora
188,Counter-Strike Nexon,https://www.mmobomb.com/g/188/thumbnail.jpg,"Counter-Strike Nexon is the free-to-play massively multiplayer online FPS that asks the simple question: What’s better than Counter-Strike? Answer: Counter-Strike with new game modes, map creation and lots of zombies!",https://www.mmobomb.com/open/counter-strike-nexon,Shooter,PC (Windows),Nexon Europe GmbH,Nexon,2014-10-07,https://www.mmobomb.com/counter-strike-nexon
189,Uncharted Waters Online,https://www.mmobomb.com/g/189/thumbnail.jpg,"Uncharted Waters Online is a 3D historical MMORPG (massively multi-player online role-playing game) developed by Tecmo Koei Games. Set between the fifteenth and seventeenth centuries, Uncharted Waters Online players will have the chance to conquer hundreds of neutral cities to ensure that their nation becomes the world’s leading power.",https://www.mmobomb.com/open/uncharted-waters-online,MMORPG,PC (Windows),Papaya Play,"KOEI TECMO GAMES CO., LTD.",2014-10-03,https://www.mmobomb.com/uncharted-waters-online
10,ArcheAge,https://www.mmobomb.com/g/10/thumbnail.jpg,ArcheAge is a fantasy sandbox MMORPG that sends players on a journey across the great continents of Nuia and Harihara.,https://www.mmobomb.com/open/archeage,MMORPG,PC (Windows),Kakao Games,XL Games,2014-09-04,https://www.mmobomb.com/archeage
404,Tribal Wars 2,https://www.mmobomb.com/g/404/thumbnail.jpg,"Published by InnoGames, Tribal Wars 2 is a browser based strategy MMO game that allows players to rule over a castle in a medieval kingdom plagued by perpetual war. The land is brimming with nights and barbarians in this sequel to the online city-building strategy game Tribal Wars.",https://www.mmobomb.com/open/tribal-wars-2,Strategy,Web Browser,InnoGames,InnoGames,2014-09-02,https://www.mmobomb.com/tribal-wars-2
192,WAKFU,https://www.mmobomb.com/g/192/thumbnail.jpg,"Wakfu is a free to play 2D anime-style MMORPG with unique features like a ecosystem, citizenship and much more featuring tactical turn-based combat, vast character customization, and a deep player influenced world. One of the goals of the game is to develop your character, not only by finding its place in the world of Wakfu, but also by improving its characteristics and battle skills.",https://www.mmobomb.com/open/wakfu,MMORPG,PC (Windows),Ankama Games,Ankama Studio,2014-09-19,https://www.mmobomb.com/wakfu
193,Infinity Wars,https://www.mmobomb.com/g/193/thumbnail.jpg,Infinity Wars: Animated Trading Card Game is an MMO trading card game published by Lightmare Studios. Build up your decks and customize them with tons of factional cards to forge an empire.,https://www.mmobomb.com/open/infinity-wars,Card Game,PC (Windows),Lightmare Studios,Lightmare Studios,2014-09-05,https://www.mmobomb.com/infinity-wars
195,Divine Souls,https://www.mmobomb.com/g/195/thumbnail.jpg,"Divine Souls is a free-to-play 3D Action-Fighting MMORPG from Outspark, with unique character classes, imposing weapons, arcade style brawler gameplay, and non-stop action. To transform into a Divine Soul, an enlightened one, you must master an impressive array of combos, skills, and weapons in battle.",https://www.mmobomb.com/open/divine-souls,MMORPG,PC (Windows),Suba Games,GamePrix,2014-08-15,https://www.mmobomb.com/divine-souls
196,Cubic Castles,https://www.mmobomb.com/g/196/thumbnail.jpg,"Cubic Castles is a 3D voxel-based adventure MMO from Cosmic Cow. Jump into a destructible world that is yours to mine, terraform, build, and destroy with as you please, all so your realm can grow.",https://www.mmobomb.com/open/cubic-castles,MMO,PC (Windows),Cosmic Cow LLC,Cosmic Cow LLC,2014-08-13,https://www.mmobomb.com/cubic-castles
199,Royal Quest,https://www.mmobomb.com/g/199/thumbnail.jpg,"Royal Quest is an isometric 3D MMORPG from the makers of the more recent King's Bounty series, Katauri. The MMO sports a clean artstyle which fits in nicely with Royal Quest's fantasy setting.",https://www.mmobomb.com/open/royal-quest,MMORPG,PC (Windows),1C Online Games,Katauri,2014-08-06,https://www.mmobomb.com/royal-quest
348,Bleach Online,https://www.mmobomb.com/g/348/thumbnail.jpg,Bleach Online is a browser-based 2D fighting game set in the fictional world of the Bleach manga/anime. Choose one of six characters and jump into turn-based combat.,https://www.mmobomb.com/open/bleach-online,MMORPG,Web Browser,GoGames,GoGames,2014-07-14,https://www.mmobomb.com/bleach-online
204,Unturned,https://www.mmobomb.com/g/204/thumbnail.jpg,Unturned is a first person survival FPS in which players must scavenge for supplies as they traverse a zombie-filled environment.,https://www.mmobomb.com/open/unturned,Shooter,PC (Windows),Smartly Dressed Games,Smartly Dressed Games,2014-07-08,https://www.mmobomb.com/unturned
207,Warface,https://www.mmobomb.com/g/207/thumbnail.jpg,"Warface is a free to play 3D military MMOFPS developed by Crytek (best known for developing Far Cry, Crysis and CryENGINE).",https://www.mmobomb.com/open/warface,Shooter,PC (Windows),Crytek,Crytek,2014-07-01,https://www.mmobomb.com/warface
209,Freestyle2: Street Basketball,https://www.mmobomb.com/g/209/thumbnail.jpg,Freestyle2: Street Basketball is a free to play MMO street basketball game. Take to the streets for some 3v3 basketball in Joycity’s Freestyle2: Street Basketball.,https://www.mmobomb.com/open/freestyle2-street-basketball,Sports,PC (Windows),Joycity,Joycity,2014-06-20,https://www.mmobomb.com/freestyle2-street-basketball
210,Fistful of Frags,https://www.mmobomb.com/g/210/thumbnail.jpg,"Fistful of Frags is the full release re-imagining of the popular Western FPS mod for Half Life 2 originally developed in 2007. FoF features skill based gunplay inspired by popular spaghetti western films like the 1964 film ""Fistful of Dollars"" which inspired the name.",https://www.mmobomb.com/open/fistful-of-frags,Shooter,PC (Windows),Fistful of Frags Team,Fistful of Frags Team,2014-05-10,https://www.mmobomb.com/fistful-of-frags
211,GunZ 2: The Second Duel,https://www.mmobomb.com/g/211/thumbnail.jpg,GunZ 2: The Second Duel is a free Third Person Shooter from MAIET with a heavy focus on melee and player mobility. Different classes of mercenaries are fighting for either the Axium Empire or the Republic of Travia in a world of Cold War and over run with injections of ability enhancing Optimite.,https://www.mmobomb.com/open/gunz-2,Shooter,PC (Windows),MAIET Entertainme,MAIET Entertainme,2014-05-01,https://www.mmobomb.com/gunz-2
213,Archeblade,https://www.mmobomb.com/g/213/thumbnail.jpg,"ArcheBlade is an Unreal 3 powered team-based fighting game developed by CodeBrush Games. In ArcheBlade players can choose from a variety of characters, each with their own unique fighting style and combo abilities.",https://www.mmobomb.com/open/archeblade,Fighting,PC (Windows),CodeBrush Games,CodeBrush Games,2014-04-25,https://www.mmobomb.com/archeblade
214,Villagers and Heroes,https://www.mmobomb.com/g/214/thumbnail.jpg,"Villagers and Heroes (previously A Mystical Land) is a fantasy MMORPG from Mad Otter Games with a vast multiplayer world, easy to learn user-interface, and deep gameplay with many unique components. The game provides thousands of hours of exploration and challenge in the Seven Realms, which are populated with quirky characters and ghoulish beasties, through hundreds of quests and an array of different gameplay styles.",https://www.mmobomb.com/open/villagers-and-heroes,MMORPG,PC (Windows),Mad Otter Games,Mad Otter Games,2014-04-17,https://www.mmobomb.com/villagers-and-heroes
409,Sparta: War of Empires,https://www.mmobomb.com/g/409/thumbnail.jpg,"Sparta: War of Empires is a free-to-play 2.5D browser MMORTS set during a mythical 5th century Greek world. Players create and manage their city-state through the construction of various buildings, troops, and diplomatic endeavours with both the AI and other players.",https://www.mmobomb.com/open/sparta-war-empires,Strategy,Web Browser,Plarium,Plarium,2014-03-13,https://www.mmobomb.com/sparta-war-empires
217,Smite,https://www.mmobomb.com/g/217/thumbnail.jpg,"SMITE is a third person MOBA published by Hi-Rez Studios. Unlike other MOBAs, SMITE places the camera in a third person perspective behind the god.",https://www.mmobomb.com/open/smite,MOBA,PC (Windows),Hi-Rez Studios,Hi-Rez Studios,2014-03-25,https://www.mmobomb.com/smite
239,Dogs of War Online,https://www.mmobomb.com/g/239/thumbnail.jpg,"Based on the famous miniature board game Confrontation, Dogs of War Online is a unique free-to-play, turn-based tactical game that sets players in a three way conflict between the forces of Light, Dark, and Destiny. Players will have to build their troops and engage in fierce battles on behalf of their employers, whoever they may be.",https://www.mmobomb.com/open/dogs-war-online,Strategy,PC (Windows),Cyanide,Cyanide,2014-02-04,https://www.mmobomb.com/dogs-war-online
220,Hearthstone,https://www.mmobomb.com/g/220/thumbnail.jpg,Hearthstone is Blizzard’s free-to-play collectible card game that draws its inspiration from the rich history and lore of World of Warcraft.,https://www.mmobomb.com/open/hearthstone-heroes-warcraft,Card Game,PC (Windows),Blizzard Entertainment,Blizzard Entertainment,2014-01-21,https://www.mmobomb.com/hearthstone-heroes-warcraft
221,Lucent Heart,https://www.mmobomb.com/g/221/thumbnail.jpg,Lucent Heart is a 3D free to play fantasy MMORPG widely popular in Asia. The game has in-depth match making and dating features where players can even get married.,https://www.mmobomb.com/open/lucent-heart,MMORPG,PC (Windows),Suba Games,Playcoco (Subsidiary of Gamania),2014-01-10,https://www.mmobomb.com/lucent-heart
11,Neverwinter,https://www.mmobomb.com/g/11/thumbnail.jpg,Neverwinter is an action MMORPG based on the acclaimed Dungeons and Dragons universe.,https://www.mmobomb.com/open/neverwinter,MMORPG,PC (Windows),Perfect World Entertainment,Cryptic Studios,2013-12-06,https://www.mmobomb.com/neverwinter
376,League of Angels,https://www.mmobomb.com/g/376/thumbnail.jpg,"League of Angels is a fantasy turn-based browser MMORPG that casts players into a turbulent world churning with the forces of evil, on a quest to save a hierarchy of beautiful angels. This turn based MMO has players in search of gold and equipment in order to increase their hero and parties over-all strength, rallying power to use on their holy quest.",https://www.mmobomb.com/open/league-of-angels,MMORPG,Web Browser,GTArcade,Youzu Interactive,2013-12-10,https://www.mmobomb.com/league-of-angels
206,Aura Kingdom,https://www.mmobomb.com/g/206/thumbnail.jpg,"Aura Kingdom, is an Anime MMORPG set in the wildly alive world of Azuria. In Azuria the power of Gaia remains ever-present.",https://www.mmobomb.com/open/aura-kingdom,MMORPG,PC (Windows),X-Legend,X-Legend,2013-12-23,https://www.mmobomb.com/aura-kingdom
424,Crystal Saga,https://www.mmobomb.com/g/424/thumbnail.jpg,"Crystal Saga is a free-to-play 2.5D browser MMORPG with a vast virtual world. Players may choose from five available classes: Mage, Paladin, Priest, Ranger and Rogue.",https://www.mmobomb.com/open/crystal-saga,MMORPG,Web Browser,"Aeria, R2Games",R2Games,2013-11-20,https://www.mmobomb.com/crystal-saga
226,Path of Exile,https://www.mmobomb.com/g/226/thumbnail.jpg,"Similar to games such as Diablo and Torchlight, Path of Exile allows players to explore various dungeons in the forms of story ""Acts"".",https://www.mmobomb.com/open/path-of-exile,MMORPG,PC (Windows),Grinding Gear Games,Grinding Gear Games,2013-10-23,https://www.mmobomb.com/path-of-exile
411,Soldiers Inc.,https://www.mmobomb.com/g/411/thumbnail.jpg,"In Soldiers Inc., you take command of a military base in war-torn Zandia, competing with other military commanders to bring in the most profit for your client. Build up your power base through warfare or diplomacy and equip your soldiers with better and better gear to take on more challenging contracts for greater risks and greater rewards.",https://www.mmobomb.com/open/soldiers-inc,Strategy,Web Browser,Plarium Games,Plarium Games,2013-08-01,https://www.mmobomb.com/soldiers-inc
412,Nords: Heroes of the North,https://www.mmobomb.com/g/412/thumbnail.jpg,"In Nords, you manage a stronghold as a vassal of King Bjorn, keeping orcs, elves, norsemen, and dragons in line as you fend off the undead hordes of the villainous ice queen. You'll have to mix strategy and diplomacy to keep your forces under control and ready them for war against the ice queen, as well as your rival Nord lords.",https://www.mmobomb.com/open/nords-heroes-north,Strategy,Web Browser,Plarium Games,Plarium Games,2013-08-01,https://www.mmobomb.com/nords-heroes-north
229,Dota 2,https://www.mmobomb.com/g/229/thumbnail.jpg,Dota 2 is a popular 3D MOBA published by Valve.,https://www.mmobomb.com/open/dota-2,MOBA,PC (Windows),Valve,Valve,2013-07-09,https://www.mmobomb.com/dota-2
230,Ragnarok Online 2,https://www.mmobomb.com/g/230/thumbnail.jpg,Ragnarok Online 2 is the sequel to the popular 2.5D original Ragnarok. ,https://www.mmobomb.com/open/ragnarok-online-2,MMORPG,PC (Windows),Gravity Interactive,"Gravity, Inc.",2013-05-01,https://www.mmobomb.com/ragnarok-online-2
783,Defiance,https://www.mmobomb.com/g/783/thumbnail.jpg,"Defiance is an open-world, cooperative shooter where players take on the role of Ark Hunters!",https://www.mmobomb.com/open/defiance,Shooter,PC (Windows),Fawkes Games,Trion Worlds,2013-04-02,https://www.mmobomb.com/defiance
231,Panzar,https://www.mmobomb.com/g/231/thumbnail.jpg,"Panzar is a free to play CryEngine 3 powered team-based MMO developed by Panzar Studios. In Panzar players can choose from one of 8 different classes, each with their own unique abilities and combat styles.",https://www.mmobomb.com/open/panzar,MOBA,PC (Windows),Panzar,Troxit Service,2013-04-12,https://www.mmobomb.com/panzar
233,Kingdom Wars,https://www.mmobomb.com/g/233/thumbnail.jpg,"Kingdom Wars is a free to play 3D MMORTS developed by Reverie World Studios, Inc. Battle your way through the amazing online world with real-time siege combat as you construct strongholds, command citizens, complete quests, and manage a gigantic empire.",https://www.mmobomb.com/open/kingdom-wars,Strategy,PC (Windows),"Reverie World Studios, INC","Reverie World Studios, INC",2013-04-01,https://www.mmobomb.com/kingdom-wars
234,Champions of Regnum,https://www.mmobomb.com/g/234/thumbnail.jpg,"Champions of Regnum is a free to play 3D fantasy MMORPG similar to the subscription-based MMORPG, Dark Age of Camelot (DAoC). Both games have realm versus realm action (RvR), 3 realms to choose from, and similar graphics.",https://www.mmobomb.com/open/champions-of-regnum,MMORPG,PC (Windows),NGD Studios,NGD Studios,2013-02-27,https://www.mmobomb.com/champions-of-regnum
235,Star Conflict,https://www.mmobomb.com/g/235/thumbnail.jpg,"Star Conflict is a free to play 3D spaceship combat MMO by Gaijin Entertainment. In Star Conflict, players will begin by choosing one of three factions.",https://www.mmobomb.com/open/star-conflict,Shooter,PC (Windows),Gaijin Entertainment,Star Gem Inc.,2013-02-28,https://www.mmobomb.com/star-conflict
414,Rail Nation,https://www.mmobomb.com/g/414/thumbnail.jpg,"Rail Nation is a free to play 2D browser-based train simulation strategy MMO game, published by Travian Games and developed by Bright Future. Rail Nation offers players the ability to choose between the opposing factions Eastern Atlantic Railway or the Western Pacific Railroad, each seeking to control the rail system and expand their network of trains as they progress through the game.",https://www.mmobomb.com/open/rail-nation,Strategy,Web Browser,Bright Future,Travian Games,2013-01-13,https://www.mmobomb.com/rail-nation
240,Epic Cards Battle,https://www.mmobomb.com/g/240/thumbnail.jpg,Epic Cards Battle is a free to play online strategic trading card game (TCG) from momoStorm Entertainment. Only the players who collect the strongest cars and assemble the most powerful decks will emerge victorious.,https://www.mmobomb.com/open/epic-card-battle,Card Game,PC (Windows),momoStorm Entertainment,momoStorm,2013-01-29,https://www.mmobomb.com/epic-card-battle
232,Age of Wushu,https://www.mmobomb.com/g/232/thumbnail.jpg,"Age of Wulin, also known as Age of Wushu in North America is a new free to play fantasy 3D martial arts MMORPG with some unique features.",https://www.mmobomb.com/open/age-of-wushu,MMORPG,PC (Windows),Snail Games,Snail Games,2012-12-20,https://www.mmobomb.com/age-of-wushu
241,Everquest,https://www.mmobomb.com/g/241/thumbnail.jpg,"EverQuest is a popular 3D fantasy MMORPG that was released on 1999 and since its release has enjoyed numerous expansion packs and content updates. Celebrating its 13th anniversary EverQuest has gone free-to-play with three account levels (free, silver, and gold).",https://www.mmobomb.com/open/everquest,MMORPG,PC (Windows),Daybreak Games,Daybreak Games,2012-12-13,https://www.mmobomb.com/everquest
242,Mabinogi,https://www.mmobomb.com/g/242/thumbnail.jpg,"Mabinogi is a free online game that offers an amazing cartoon look, thanks to a technique called Cartoon Rendering.",https://www.mmobomb.com/open/mabinogi,MMORPG,PC (Windows),Nexon America Inc.,NEXON Korea Corp.,2012-12-06,https://www.mmobomb.com/mabinogi
415,Stormfall: Age of War,https://www.mmobomb.com/g/415/thumbnail.jpg,"The mystical lands of Darkshine have riddled themselves with chaos, as what is left of what was once a legendary empire known as Stormfall is in a perpetual state of territorial conquer. By Lord Oberon's will, you have been selected as the mightiest and most capable champion to reunite the empire against all unmerciful evil.",https://www.mmobomb.com/open/stormfall-age-war,Strategy,Web Browser,Plarium,Plarium,2012-11-01,https://www.mmobomb.com/stormfall-age-war
243,PlanetSide 2,https://www.mmobomb.com/g/243/thumbnail.jpg,Planetside 2 is free to play open world persistent MMOFPS published by Sony Entertainment Online.,https://www.mmobomb.com/open/planetside-2,Shooter,PC (Windows),Daybreak Games,Daybreak Games,2012-11-21,https://www.mmobomb.com/planetside-2
244,AirMech,https://www.mmobomb.com/g/244/thumbnail.jpg,"AirMech is a 3D sci-fi RTS by Carbon Games, available in the browser (Chrome) and through Steam With DotA-style gameplay players control a transforming mech, that can take flight at a moments notice in this strategy based game. Combat on the ground or switch to air to fly around and pick up units to transport.",https://www.mmobomb.com/open/airmech,Strategy,PC (Windows),Carbon Games,Carbon Games,2012-11-08,https://www.mmobomb.com/airmech
349,Big Farm,https://www.mmobomb.com/g/349/thumbnail.jpg,"Goodgame's Big Farm has you taking over for Uncle George after he's left his farm “in pretty bad shape.” You'll need to plant crops, raise livestock, and get a little help from your neighbors to get the farm back in shape! You'll start with some basic crops, but as you progress, you'll be able to unlock more labor-intensive and financially rewarding crops.",https://www.mmobomb.com/open/big-farm,Strategy,Web Browser,GoodGame Studios,GoodGame Studios,2012-10-29,https://www.mmobomb.com/big-farm
416,Wartune,https://www.mmobomb.com/g/416/thumbnail.jpg,"Wartune is a free to play 2D turn-based browser MMORPG by R2games. Wartune's dark fantasy world places players in the role of a knight, mage, or archer.",https://www.mmobomb.com/open/wartune,MMORPG,Web Browser,R2 Games,7Th Road,2012-10-25,https://www.mmobomb.com/wartune
246,Pirate 101,https://www.mmobomb.com/g/246/thumbnail.jpg,Pirate101 is a 3D Pirate MMORPG where players must embark on a journey to become a renowned pirate.,https://www.mmobomb.com/open/pirate-101,MMORPG,PC (Windows),KingsIsle Entertainment,KingsIsle Entertainment,2012-10-15,https://www.mmobomb.com/pirate-101
417,Dino Storm,https://www.mmobomb.com/g/417/thumbnail.jpg,"Dino Storm is a 3D RPG browser-based MMO by Splitscreen Studios. Players embark on a perilous journey to DinoVille, with nothing more than a change in their pockets, some ammunition, a loaded laser cannon, and your very own dinosaur.",https://www.mmobomb.com/open/dino-storm,MMORPG,Web Browser,Splitscreen S.,Splits. S,2012-09-12,https://www.mmobomb.com/dino-storm
418,The Settlers Online,https://www.mmobomb.com/g/418/thumbnail.jpg,"The Settlers Online is a free to play 2D browser-based MMORTS by Ubisoft. As an upcoming king, players take on the role as the royal leader and oversee the expanding empire.",https://www.mmobomb.com/open/the-settlers-online,Strategy,Web Browser,Ubisoft,Blue Byte,2012-09-11,https://www.mmobomb.com/the-settlers-online
248,Continent of the Ninth Seal,https://www.mmobomb.com/g/248/thumbnail.jpg,"C9 (Continent of the Ninth Seal) is a free to play 3D fantasy action RPG with great graphics, strategic battle zone system, story driven quests, and much more. C9 has hack and slash style action with impressive graphics, fluid movement and fancy skill effects that combine to create visually marvelous game play.",https://www.mmobomb.com/open/c9,MMORPG,PC (Windows),Webzen,NHN Games (Acquired by Webzen),2012-09-13,https://www.mmobomb.com/c9
24,Counter-Strike 2,https://www.mmobomb.com/g/24/thumbnail.jpg,Counter-Strike 2 is a worldwide phenomenon and now Valve's hit team-based shooter is free-to-play!,https://www.mmobomb.com/open/counter-strike-2,Shooter,PC (Windows),Valve,Valve,2012-08-21,https://www.mmobomb.com/counter-strike-2
249,RPG MO,https://www.mmobomb.com/g/249/thumbnail.jpg,"RPG MO is a free-to-play retro-style sandbox MMORPG featuring pixilated graphics and wide, colorful world in which players can level up various combat abilities, or take a break from the hack-and-slash and focus on crafting skills. This 2D open-world MMORPG is available on PC via browser, client and Steam.",https://www.mmobomb.com/open/rpg-mo,MMORPG,"PC (Windows), Web Browser",Marxnet,Marxnet,2012-07-18,https://www.mmobomb.com/rpg-mo
345,Forge of Empires,https://www.mmobomb.com/g/345/thumbnail.jpg,Forge of Empires is a browser-based MMORTS by InnoGames. Relive history as you rule over your empire through the stages of early human civilizations.,https://www.mmobomb.com/open/forge-of-empires,Strategy,Web Browser,InnoGames,InnoGames,2012-04-17,https://www.mmobomb.com/forge-of-empires
256,Realm of the Mad God,https://www.mmobomb.com/g/256/thumbnail.jpg,Realm of the Mad God is a free to play 2D browser based cooperative MMO shooter with RPG elements and retro styling straight from the 8-bit era. Fight monsters in groups of up to 85 players!,https://www.mmobomb.com/open/realm-mad-god,MMORPG,"PC (Windows), Web Browser",Kabam,Wild Shadow Studios,2012-02-21,https://www.mmobomb.com/realm-mad-god
422,Pirates: Tides of Fortune,https://www.mmobomb.com/g/422/thumbnail.jpg,Pirates: Tides of Fortune is a free to play browser-based 2D MMORTS developed by Plarium. Players begin the strategy MMO game with an upgradeable island and a handful of resource points to put into their gold and lumber facilities.,https://www.mmobomb.com/open/pirates-tides-fortune,Strategy,Web Browser,Plarium Games,Plarium Games,2012-02-12,https://www.mmobomb.com/pirates-tides-fortune
255,Stronghold Kingdoms,https://www.mmobomb.com/g/255/thumbnail.jpg,Stronghold Kingdoms is a strategy based building/warfare game developed by Firefly Studios and based on the long running Strongholds PC game series. Players will be tasked with building their own settlement and watching it flourish.,https://www.mmobomb.com/open/stronghold-kingdoms,Strategy,Web Browser,FireFly Studios,FireFly Studios,2012-02-28,https://www.mmobomb.com/stronghold-kingdoms
261,No More Room in Hell,https://www.mmobomb.com/g/261/thumbnail.jpg,"No More Room in Hell is a free to play cooperative FPS survival horror mod for the Source Engine, and focuses on survival in an “of the Dead” type universe loosely based on Romero’s famous work. The multiplayer co-op game play has been likened more to a survival horror game than a typical first person shooter, but the game relies on typical first person mechanics.",https://www.mmobomb.com/open/no-more-room-in-hell,Shooter,PC (Windows),Lever Games,No More Room in Hell Team,2011-10-31,https://www.mmobomb.com/no-more-room-in-hell
262,Digimon Masters Online,https://www.mmobomb.com/g/262/thumbnail.jpg,Digimon Masters is a free to play 3D MMORPG featuring the popular Digimon franchise. The conflict has spilled once again from the Digital World into the Real World and the fate of both worlds will rest on the hands on a new generation of Tamers.,https://www.mmobomb.com/open/digimon-masters,MMORPG,PC (Windows),MOVE ON USA CO.,"Move Games Co., Ltd.",2011-10-20,https://www.mmobomb.com/digimon-masters
264,Dragon Nest,https://www.mmobomb.com/g/264/thumbnail.jpg,Dragon Nest is a free to play 3D fast paced action MMORPG published by Nexon with cute anime inspired graphics.,https://www.mmobomb.com/open/dragon-nest,MMORPG,PC (Windows), Eyedentity Games Inc., Eyedentity Games Inc.,2011-09-28,https://www.mmobomb.com/dragon-nest
427,Drakensang Online,https://www.mmobomb.com/g/427/thumbnail.jpg,"Drakensang Online is a free to play 3D action RPG game that features extraordinary 3D graphics and effects and heralds the next generation of free-to-play online browser games. With the ability to customize your character, skills and magic powers like never before, join your comrades to wage a brutal war against evil.",https://www.mmobomb.com/open/drakensang-online,MMORPG,Web Browser,Bigpoint,Bigpoint,2011-08-08,https://www.mmobomb.com/drakensang-online
269,Spiral Knights,https://www.mmobomb.com/g/269/thumbnail.jpg,"Spiral Knights is a free-to-play 3D fantasy MMORPG Java game with a retro-inspired visual style. Anybody who dares to face the perils of these dungeons, whether alone or with a group of up to three other friends, can start their journey to the core of the Clockworks.",https://www.mmobomb.com/open/spiral-knights,MMORPG,PC (Windows),SEGA,Three Rings,2011-06-15,https://www.mmobomb.com/spiral-knights
423,Steel Legions,https://www.mmobomb.com/g/423/thumbnail.jpg,"Steel Legions is a free to play 3D strategy browser game from Splitscreen Studios, where four factions struggle for domination. It combines great 3D visuals with accessible, fast-paced PvP (player-versus-player) action.",https://www.mmobomb.com/open/steel-legions,Shooter,Web Browser,Splitscreen Studios,Splitscreen Studios,2011-06-15,https://www.mmobomb.com/steel-legions
271,Asda Global,https://www.mmobomb.com/g/271/thumbnail.jpg,Asda Global is a free to play MMORPG that was developed by MaxOn Soft Corp. One of the main features in Asda Global is finding your Soulmate in-game.,https://www.mmobomb.com/open/asda-global,MMORPG,PC (Windows),GamenGame,Maxonsoft,2011-05-19,https://www.mmobomb.com/asda-global
60,Brink,https://www.mmobomb.com/g/60/thumbnail.jpg,Splash Damage's award-winning first-person shooter Brink is now free-to-play!,https://www.mmobomb.com/open/brink,Shooter,PC (Windows),Bethesda Softworks,Splash Damage,2011-05-09,https://www.mmobomb.com/brink
272,Allods Online,https://www.mmobomb.com/g/272/thumbnail.jpg,Allods Online is an impressive free-to-play fantasy MMORPG with some Sci-Fi elements that fans of the genre’s most successful titles can enjoy.,https://www.mmobomb.com/open/allods-online,MMORPG,PC (Windows),My.com,Allods Team,2011-04-26,https://www.mmobomb.com/allods-online
205,Elsword,https://www.mmobomb.com/g/205/thumbnail.jpg,Elsword is a free to play 3D non-stop side-scrolling MMORPG set in a colorful comic book style world with anime-style graphics and RPG elements. Experienced gamers as well as casual players can immediately jump into the game and pick-up the intuitive controls to defeat enemies or string together combos to deal devastating damage.,https://www.mmobomb.com/open/elsword,MMORPG,PC (Windows),KOG Games,KOG,2011-03-23,https://www.mmobomb.com/elsword
260,DC Universe Online,https://www.mmobomb.com/g/260/thumbnail.jpg,"Players can create their own legendary superhero, or villain, and join forces with their favorite DC Comics.",https://www.mmobomb.com/open/dcuo,MMORPG,PC (Windows),Daybreak Games,Daybreak Games,2011-01-11,https://www.mmobomb.com/dcuo
273,Bloodline Champions,https://www.mmobomb.com/g/273/thumbnail.jpg,"Bloodline Champions is a free to play 3D arena-based PvP MMO game published by Funcom, and has been compared to Defense of the Ancients and World of Warcraft Arena. But instead of relying on killing creeps or grinding for the best set of gear, Bloodlines is a more skill-based game.",https://www.mmobomb.com/open/bloodline-champions,MOBA,PC (Windows),Stunlock Studios,Stunlock Studios,2011-01-13,https://www.mmobomb.com/bloodline-champions
274,GetAmped 2,https://www.mmobomb.com/g/274/thumbnail.jpg,GetAmped 2 is a free fighting MMO game that follows the work made on Splash Fighters. In this game players enter the city of Wingdom and choose a fighter from five different classes.,https://www.mmobomb.com/open/getamped-2,Fighting,PC (Windows),CyberStep,CyberStep,2010-12-16,https://www.mmobomb.com/getamped-2
275,Dragon Saga,https://www.mmobomb.com/g/275/thumbnail.jpg,"Dragon Saga (Dragonica Online) is a free to play side scrolling 3D Fantasy MMORPG set in a world of Dragons and magic. Choose one of four classes (Warrior, Mage, Thief and Archer) and explore a rich world filled with unique monsters.",https://www.mmobomb.com/open/dragon-saga,MMORPG,PC (Windows),Gravity Interactive,Gravity Interactive,2010-10-28,https://www.mmobomb.com/dragon-saga
276,Vindictus,https://www.mmobomb.com/g/276/thumbnail.jpg,Vindictus is an action packed free 3D MMORPG game developed by devCAT and published by Nexon.,https://www.mmobomb.com/open/vindictus,MMORPG,PC (Windows),Nexon,devCAT,2010-10-13,https://www.mmobomb.com/vindictus
277,Aika Online,https://www.mmobomb.com/g/277/thumbnail.jpg,"Aika Online is a 3D fantasy MMORPG with fast paced gameplay, great graphics and strong emphasis on player versus player (PvP) combat. The game presents three major PvP modes from small skirmishes to 1000 vs.",https://www.mmobomb.com/open/aika-online,MMORPG,PC (Windows),HanbitSoft,JoyImpact,2010-08-27,https://www.mmobomb.com/aika-online
258,APB Reloaded,https://www.mmobomb.com/g/258/thumbnail.jpg,APB: Reloaded (All Points Bulletin) is a free to play 3D massively multiplayer online third-person shooter game based in the modern-day fictional city of San Paro.,https://www.mmobomb.com/open/apb,Shooter,PC (Windows),Reloaded Games,Reloaded Productions,2010-06-29,https://www.mmobomb.com/apb
278,Mortal Online,https://www.mmobomb.com/g/278/thumbnail.jpg,Mortal Online is a free to play First Person sandbox MMORPG with a huge medieval fantasy world. This is a unique old-school PvP/PvE sandbox that just requires a little creative energy and the craving for opportunity.,https://www.mmobomb.com/open/mortal-online,MMORPG,PC (Windows),Star Vault AB,Star Vault AB,2010-06-09,https://www.mmobomb.com/mortal-online
14,Star Trek Online,https://www.mmobomb.com/g/14/thumbnail.jpg,Star Trek Online (STO) is a free to play 3D Sci-Fi MMORPG based on the popular Star Trek series.,https://www.mmobomb.com/open/star-trek-online,MMORPG,PC (Windows),Perfect World Entertainment, Cryptic Studios,2010-02-02,https://www.mmobomb.com/star-trek-online
281,Grand Fantasia,https://www.mmobomb.com/g/281/thumbnail.jpg,"Grand Fantasia is a free-to-play 3D massively multiplayer online role-playing game (MMORPG) with anime-inspired graphics, that has enjoyed great success in other territories.",https://www.mmobomb.com/open/grand-fantasia,MMORPG,PC (Windows),X-Legend Entertainment,X-Legend Entertainment,2009-12-01,https://www.mmobomb.com/grand-fantasia
425,Grepolis,https://www.mmobomb.com/g/425/thumbnail.jpg,"Are you ready to conquer the Olympus following in the footsteps of Ulysses, Achilles and the Greek heroes? Then join us for a unique adventure into the world of Ancient Greece.",https://www.mmobomb.com/open/grepolis,Strategy,Web Browser,InnoGames,InnoGames,2009-12-08,https://www.mmobomb.com/grepolis
286,League of Legends,https://www.mmobomb.com/g/286/thumbnail.jpg,League of Legends (LoL) is a creation of Riot Games inspired by the classic Warcraft III mod Defense of the Ancients. This free MMO game mixes strategy and RPG elements in a perfect way to offer exciting and always different matches.,https://www.mmobomb.com/open/league-of-legends,MOBA,PC (Windows),Riot Games,Riot Games,2009-10-27,https://www.mmobomb.com/league-of-legends
287,Twelve Sky 2,https://www.mmobomb.com/g/287/thumbnail.jpg,"Players may choose from any of the three classes of each faction, then develop their skills, sharpen their weapons and refine their armor to produce a character fit for battle against the other Factions. But it isn't all about PvP, Twelve Sky also caters to a player's solo and party needs too!",https://www.mmobomb.com/open/twelve-sky-2,MMORPG,PC (Windows),RedFox Games,SG Data,2009-09-09,https://www.mmobomb.com/twelve-sky-2
288,Champions Online,https://www.mmobomb.com/g/288/thumbnail.jpg,"Champions Online: Free for All is a 3D superhero-themed Fantasy MMORPG (Massively multiplayer online role playing game) from Cryptic Studios (creator of City of Heroes Freedom), with fast paced gameplay and awesome cel-shading graphics, set in Millennium City. The game used to be pay to play but officially went free to play.",https://www.mmobomb.com/open/champions-online,MMORPG,PC (Windows),Perfect World Entertainment,Cryptic Studios,2009-09-01,https://www.mmobomb.com/champions-online
1110,Supremacy 1914,https://www.mmobomb.com/g/1110/thumbnail.jpg,"Navigate the turbulent waters of World War I in Supremacy 1914, a free-to-play strategy browser game from Bytro Labs.",https://www.mmobomb.com/open/supremacy-1914,Strategy,Web Browser,Bytro Labs,Bytro Labs,2009-09-06,https://www.mmobomb.com/supremacy-1914
280,WolfTeam,https://www.mmobomb.com/g/280/thumbnail.jpg,Wolf Team is a fast paced free 3D MMOFPS published by Aeria Games that features the capacity for players to transform between playing as a Human or as a Werewolf.,https://www.mmobomb.com/open/wolfteam,Shooter,PC (Windows),Aeria Games,Softnyx,2009-07-09,https://www.mmobomb.com/wolfteam
290,Runes of Magic,https://www.mmobomb.com/g/290/thumbnail.jpg,"Runes of Magic is a free to play 3D fantasy MMORPG. Dive into Taborea, a dangerous and magical world full of mysteries.",https://www.mmobomb.com/open/runes-of-magic,MMORPG,PC (Windows),GameForge,Runewalker Entertainment,2009-03-19,https://www.mmobomb.com/runes-of-magic
291,theHunter,https://www.mmobomb.com/g/291/thumbnail.jpg,"Hunting simulation is brought to new depths with theHunter, a free to play realistic hunting game where players can hunt 22 different animals in various locations inspired by real world reserves. theHunter pushes the boundaries of in-game depth, immersing players in the thrill of the hunt without actually killing live animals.",https://www.mmobomb.com/open/thehunter,Shooter,PC (Windows),"Expansive Worlds , Avalanche Studios","Expansive Worlds , Avalanche Studios",2009-03-05,https://www.mmobomb.com/thehunter
254,AION,https://www.mmobomb.com/g/254/thumbnail.jpg,Aion: Ascension is a free-to-play MMORPG where your character wields devastating powers and sweeping wings.,https://www.mmobomb.com/open/aion,MMORPG,PC (Windows),NCSOFT,NCSOFT,2008-11-25,https://www.mmobomb.com/aion
293,Atlantica Online,https://www.mmobomb.com/g/293/thumbnail.jpg,Atlantica Online travels back to the roots of traditional RPGs and blends classic turn-based combat with gripping strategy elements.,https://www.mmobomb.com/open/atlantica-online,MMORPG,PC (Windows),VALOFE,NDOORS Corporation,2008-10-30,https://www.mmobomb.com/atlantica-online
295,Florensia,https://www.mmobomb.com/g/295/thumbnail.jpg,Florensia is a free-to-play fantasy MMORPG game with several islands and the sprawling ocean to explore.,https://www.mmobomb.com/open/florensia,MMORPG,PC (Windows),Netts Corporation,Netts Corporation,2008-10-15,https://www.mmobomb.com/florensia
306,4Story,https://www.mmobomb.com/g/306/thumbnail.jpg,4Story is a 3D Fantasy MMORPG with a visual style and interface design very similar to the popular MMORPG World of Warcraft.,https://www.mmobomb.com/open/4story,MMORPG,PC (Windows),Zemi Interactive,Zemi Interactive,2008-10-20,https://www.mmobomb.com/4story
426,AdventureQuest Worlds,https://www.mmobomb.com/g/426/thumbnail.jpg,"Adventure Quest Worlds is a free 2D fantasy browser MMORPG from the same creators of AdventureQuest, DragonFable and MechQuest games. AdventureQuest Worlds' gameplay is surrounded around the in-game battles that occur.",https://www.mmobomb.com/open/adventurequest-worlds,MMORPG,Web Browser,Artix Entertainment,Artix Entertainment,2008-10-10,https://www.mmobomb.com/adventurequest-worlds
296,S4 League,https://www.mmobomb.com/g/296/thumbnail.jpg,S4 League is a great free MMO game that perfectly blends nonstop shooter action with inspired anime visuals. It’s a stylish third person shooter with a fantastic and colorful anime attitude that is both terrific to look at and play.,https://www.mmobomb.com/open/s4-league,Shooter,PC (Windows),VALOFE Global,GameOn Studio,2008-09-22,https://www.mmobomb.com/s4-league
297,Wizard101,https://www.mmobomb.com/g/297/thumbnail.jpg,"Wizard101 is a 3D Wizard MMORPG which is very much influence by Harry Porter. Here a player is considered as a student of Ravenwood School of Magic Arts, which belongs to a fictional town known as Wizard valley.",https://www.mmobomb.com/open/wizard101,MMORPG,PC (Windows),KingsIsle Entertainment,KingsIsle Entertainment,2008-09-02,https://www.mmobomb.com/wizard101
298,Perfect World International,https://www.mmobomb.com/g/298/thumbnail.jpg,Perfect World International is a free-to-play MMORPG based on the Chinese mythology.,https://www.mmobomb.com/open/perfect-world,MMORPG,PC (Windows),"Beijing Perfect World, Perfect World Entertainment",Beijing Perfect World,2008-09-02,https://www.mmobomb.com/perfect-world
319,Ace Online,https://www.mmobomb.com/g/319/thumbnail.jpg,Ace Online is an action based sci-fi MMO 3D Space Shooter with very unique PvP.,https://www.mmobomb.com/open/ace-online,Shooter,PC (Windows),Suba Games,MasangSoft,2008-08-29,https://www.mmobomb.com/ace-online
300,Rohan: Blood Feud,https://www.mmobomb.com/g/300/thumbnail.jpg,"R.O.H.A.N.: Blood Feud is a free massively multiplayer online role-playing game. This free MMO game unfolds in a rich and huge persistent online world, and is set on the continent of R.O.H.A.N.: Blood Feud.",https://www.mmobomb.com/open/rohan-blood-feud,MMORPG,PC (Windows),Playwith Interactive,Playwith Interactive,2008-05-28,https://www.mmobomb.com/rohan-blood-feud
301,Age of Conan: Unchained,https://www.mmobomb.com/g/301/thumbnail.jpg,Age of Conan: Unchained is a free to play 3D fantasy MMORPG based on the works of acclaimed author Robert E. Howard.,https://www.mmobomb.com/open/age-of-conan,MMORPG,PC (Windows),Funcom,Funcom,2008-05-20,https://www.mmobomb.com/age-of-conan
428,Ikariam,https://www.mmobomb.com/g/428/thumbnail.jpg,"Ikariam is a free-to-play browser based MMORTS with familiar gameplay, PvP multiplayer and civilian micromanagement Ikariam features real-time progression, the game’s time flows whether you are online or offline, that offers a harrowing experience for many players as it can mean the difference between the success or loss of their city. Set within a chain of Greek-inspired islands, Ikariam challenges players to manage their resources while forging their own city-state.",https://www.mmobomb.com/open/ikariam,Strategy,Web Browser,GameForge,GameForge,2008-03-31,https://www.mmobomb.com/ikariam
305,Fiesta Online,https://www.mmobomb.com/g/305/thumbnail.jpg,"Fiesta Online is a free to play 3D cartoon style MMORPG with simple gameplay, cell-shaded graphics and regular updates.",https://www.mmobomb.com/open/fiesta-online,MMORPG,PC (Windows),gamigo AG,Onson Soft,2008-02-01,https://www.mmobomb.com/fiesta-online
308,Angels Online Global,https://www.mmobomb.com/g/308/thumbnail.jpg,Angels Online is a free to play 2D Fantasy MMORPG with great anime style graphics and lots of classes. Players can fight for 1 of 4 realms in Angels Online.,https://www.mmobomb.com/open/angels-online,MMORPG,PC (Windows),USERJOY Technology,USERJOY Technology,2007-12-01,https://www.mmobomb.com/angels-online
309,Seal Online,https://www.mmobomb.com/g/309/thumbnail.jpg,"The game also provides a large selection of classes. Initially they were six, as: Knight, Warrior, Magician, Priest, Jester and Crafter.",https://www.mmobomb.com/open/seal-online,MMORPG,PC (Windows),YNK Interactive,YNK Interactive,2007-11-19,https://www.mmobomb.com/seal-online
311,Rumble Fighter,https://www.mmobomb.com/g/311/thumbnail.jpg,"Rumble Fighter is a free 3D fighting MMO game offering a casual approach, being easy to play but difficult to master. A maximum of 8 players get to battle it out simultaneously in fast paced and exciting multiplayer action.",https://www.mmobomb.com/open/rumble-fighter,Fighting,PC (Windows),RedFox Games,Nimonix,2007-08-02,https://www.mmobomb.com/rumble-fighter
312,Granado Espada Online,https://www.mmobomb.com/g/312/thumbnail.jpg,Granado Espada Online is a 3D free to play fantasy MMORPG with RTS elements.,https://www.mmobomb.com/open/granado-espada,MMORPG,PC (Windows),T3Fun,IMC Games Co. Limited,2007-07-10,https://www.mmobomb.com/granado-espada
265,9Dragons,https://www.mmobomb.com/g/265/thumbnail.jpg,"9Dragons is a 3D martial arts MMORPG with a great combat system and a unique skill system, set in ancient China during the Ming Dynasty. The game allows you pick from one of four distinct classes (Warriro, Strategist, Chi Kung Artist, Holist) and six different martial arts (White Clans: Shaolin, Wu Tang, The League of Beggars - Black Clans: Sacred Flower, Heavenly Demon and The Brotherhood of Thieves).",https://www.mmobomb.com/open/9dragons,MMORPG,PC (Windows),Battlezone,JoongWon Games,2007-05-09,https://www.mmobomb.com/9dragons
15,Crossfire,https://www.mmobomb.com/g/15/thumbnail.jpg,CrossFire is a free MMOFPS game that pits two powerful forces against each other.,https://www.mmobomb.com/open/crossfire,Shooter,PC (Windows),Neowiz Games,SmileGate,2007-05-03,https://www.mmobomb.com/crossfire
313,Teeworlds,https://www.mmobomb.com/g/313/thumbnail.jpg,"Teeworlds is a free to play retro multiplayer online shooter with side-scrolling combat like that of Smash Bros., and the ability to edit the maps for custom mods. It’s easy to see why Teeworlds is a popular MMO shooter.",https://www.mmobomb.com/open/teeworlds,Shooter,PC (Windows),Teeworlds Team,Teeworlds Team,2007-05-27,https://www.mmobomb.com/teeworlds
337,Priston Tale,https://www.mmobomb.com/g/337/thumbnail.jpg,"Priston Tale is a free to play fantasy MMORPG released in 2001 by Trglow Pictures. Welcome to the Continent of Priston, where its inhabitants settle in one of the two major towns.",https://www.mmobomb.com/open/priston-tale,MMORPG,PC (Windows),Suba Games,Trglow Pictures,2007-05-17,https://www.mmobomb.com/priston-tale
16,Roblox,https://www.mmobomb.com/g/16/thumbnail.jpg,"Players on Roblox demonstrate incredible creativity limited only by their imagination, using core building components to create their own elaborate online games, social hangouts, and custom virtual items.",https://www.mmobomb.com/open/roblox,MMO,PC (Windows),Roblox Corporation,Roblox Corporation,2006-12-22,https://www.mmobomb.com/roblox
333,Metin2,https://www.mmobomb.com/g/333/thumbnail.jpg,"Metin 2 is a free 3D fantasy MMORPG which is packed with great features including guild battles, real time combat, ride mounts, and wars between nations.",https://www.mmobomb.com/open/metin2,MMORPG,PC (Windows),Gameforge,Ymir Entertainment,2006-12-17,https://www.mmobomb.com/metin2
380,Dark Orbit Reloaded,https://www.mmobomb.com/g/380/thumbnail.jpg,"Take part in huge intergalactic battles in DarkOrbit, the free-to-play browser-based space combat MMO - now in 3D!",https://www.mmobomb.com/open/darkorbit,Shooter,Web Browser,Bigpoint,Bigpoint,2006-12-11,https://www.mmobomb.com/darkorbit
317,Rappelz,https://www.mmobomb.com/g/317/thumbnail.jpg,Rappelz is a free 3D MMORPG set in a medieval world.,https://www.mmobomb.com/open/rappelz,MMORPG,PC (Windows),Webzen,Gala Lab,2006-11-03,https://www.mmobomb.com/rappelz
351,Grand Prix Racing Online,https://www.mmobomb.com/g/351/thumbnail.jpg,"Guide your Formula One team to the championship in Grand Prix Racing Online, a highly detailed free-to-play racing simulator. Manage your team and set your strategy every week, and then watch them play out in races.",https://www.mmobomb.com/open/gpro,Strategy,Web Browser,GPRO.net,GPRO.net,2006-08-01,https://www.mmobomb.com/gpro
429,Astro Empires,https://www.mmobomb.com/g/429/thumbnail.jpg,"Explore the farthest reaches of space in Cybertopia Studios’ Astro Empires, a free to play text-based space strategy MMO that gives you something you’ve always dreamed of: the chance to build your own galaxy-spanning empire among the stars. As you start with your own planet in the farthest flung regions of unknown space in Astro Empires, you will learn to gather materials and develop new technologies to turn your previously unnoticed rock into a mighty empire befitting a galactic emperor.",https://www.mmobomb.com/open/astro-empires,Strategy,Web Browser,Cybertopia,Cybertopia,2006-05-20,https://www.mmobomb.com/astro-empires
430,Urban Rivals,https://www.mmobomb.com/g/430/thumbnail.jpg,"Urban Rivals is a free to play 2D browser based trading card game with more than 400 characters to discover, collect and level up by fighting live against players from all over the world! You can decide your own fate.",https://www.mmobomb.com/open/urban-rivals,Card Game,Web Browser,Boostr,Acute Mobile,2006-01-17,https://www.mmobomb.com/urban-rivals
323,Flyff: Fly For Fun,https://www.mmobomb.com/g/323/thumbnail.jpg,"Fly For Fun (Flyff) is a popular free-to-play 3D fantasy MMORPG with enjoyable graphics, a large community, and frequent updates.",https://www.mmobomb.com/open/flyff,MMORPG,PC (Windows),Webzen,Gala Lab Corp,2005-12-25,https://www.mmobomb.com/flyff
324,Dream of Mirror Online,https://www.mmobomb.com/g/324/thumbnail.jpg,"Dream of Mirror Online (DOMO) is a social free MMORPG based on the ancient Oriental legend of the Kunlun Mirror. Players can enter an anime-inspired world to meet people and make new friendships, learn crafting skills and master an assortment of job classes, all with the purpose of solving the enigma of the ancient myth.",https://www.mmobomb.com/open/domo,MMORPG,PC (Windows),SubaGames,SoftStar,2005-09-03,https://www.mmobomb.com/domo
431,Imperia Online,https://www.mmobomb.com/g/431/thumbnail.jpg,"Initially released in 2005, Imperia Online is among the most recognizable RTS games online, especially in Europe, Brazil, Turkey and Russia. The current 6-th version ""The Great People"" was released in 2013.",https://www.mmobomb.com/open/imperia-online,Strategy,Web Browser,Imperia Online Ltd.,Imperia Online Ltd.,2005-08-23,https://www.mmobomb.com/imperia-online
325,MapleStory,https://www.mmobomb.com/g/325/thumbnail.jpg,MapleStory is a free-to-play 2D side-scrolling MMORPG (Massively Multiplayer Online role-playing Game) with real time gameplay and traditional RPG elements.,https://www.mmobomb.com/open/maplestory,MMORPG,PC (Windows),Nexon,Nexon,2005-05-11,https://www.mmobomb.com/maplestory
326,Shot Online,https://www.mmobomb.com/g/326/thumbnail.jpg,"Arguably more than any other sport, golf requires focus and mental stamina, and so does Shot Online, which is a reproduction of the full experience and game of golf in full, rich 3D graphics. Shot-Online is not just an online sports game either, but it is a highly accurate simulation and a deep role-playing experience.",https://www.mmobomb.com/open/shot-online,Sports,PC (Windows),GamesCampus,OnNet Co. Ltd.,2004-11-30,https://www.mmobomb.com/shot-online
327,Everquest 2,https://www.mmobomb.com/g/327/thumbnail.jpg,"EverQuest II is a free to play 3D fantasy MMORPG based upon the popular Everquest. The game was originally released back in 2004 as a subscription-based, but was re-released in July 2010 as a free to play game.",https://www.mmobomb.com/open/everquest-2,MMORPG,PC (Windows),Daybreak Games,Daybreak Games,2004-11-08,https://www.mmobomb.com/everquest-2
328,Dofus,https://www.mmobomb.com/g/328/thumbnail.jpg,Dofus is a 2D free-to-play MMORPG from Ankama Games.,https://www.mmobomb.com/open/dofus,MMORPG,PC (Windows),Ankama Games,Ankama Games,2004-09-01,https://www.mmobomb.com/dofus
352,Travian,https://www.mmobomb.com/g/352/thumbnail.jpg,"Travian is a phenomenon. Initially published in 2004, it today entertains millions of players worldwide.",https://www.mmobomb.com/open/travian,Strategy,Web Browser,Travian Games,Travian Games,2004-09-05,https://www.mmobomb.com/travian
190,Ryzom,https://www.mmobomb.com/g/190/thumbnail.jpg,"Ryzom is a free-to-play fantasy/sci-fi sandbox that puts critical decisions in the hands of players and constantly evolves based on their actions. With updated graphics for its Steam launch, Ryzom is waiting to be discovered by a new generation of gamers looking for a truly immersive experience.",https://www.mmobomb.com/open/ryzom,MMORPG,PC (Windows),Winch Gate,Nevrax,2004-09-19,https://www.mmobomb.com/ryzom
329,Kal Online,https://www.mmobomb.com/g/329/thumbnail.jpg,"KAL online is a free to play 3D Fantasy MMORPG which was first released in 2004. The player is given a choice of three professions including a Knight, a Mage, or an Archer and a Thief.",https://www.mmobomb.com/open/kalonline,MMORPG,PC (Windows),Inisxoft,Inisxoft,2004-06-11,https://www.mmobomb.com/kalonline
330,Lineage 2,https://www.mmobomb.com/g/330/thumbnail.jpg,"Lineage II is a 3D fantasy MMORPG and has been revitalized with a revamp of existing content, all-new high level content and the introduction of the Free to play model with the launch of Goddess of Destruction. The Goddess of Destruction update ushers in a new era for Lineage II, with improved graphics, 4x faster levelling, character advancement, eight new specialized classes, challenging new bosses, unexplored zones, over 400 hours of brand new gameplay and much more completely free.",https://www.mmobomb.com/open/lineage-2,MMORPG,PC (Windows),NCSoft,NCSoft,2004-04-27,https://www.mmobomb.com/lineage-2
332,Red Stone Online,https://www.mmobomb.com/g/332/thumbnail.jpg,"Similar in many respects to the vaunted Diablo series, Red Stone Online is an example of classic top down isometric 2D fantasy MMORPGs. It may look out of date, but Red Stone Online still has much to offer to those who will give it a chance.",https://www.mmobomb.com/open/red-stone-online,MMORPG,PC (Windows),"L＆K CO., LTD","L＆K CO., LTD",2003-10-06,https://www.mmobomb.com/red-stone-online
334,Mu Online,https://www.mmobomb.com/g/334/thumbnail.jpg,"MU Online is a free to play 3D fantasy MMORPG that takes the player, into a world full of excitement, adventure and monsters. The game’s graphics and interface both look a lot like Diablo 2.",https://www.mmobomb.com/open/mu-online,MMORPG,PC (Windows),Webzen,Webzen,2003-10-06,https://www.mmobomb.com/mu-online
18,Second Life,https://www.mmobomb.com/g/18/thumbnail.jpg,"Second Life is one of the most famous, if not the most famous free online virtual world games ever created. From the moment you step into the world designed by Linden Lab, you’ll find a place where there are opportunities to do everything you want to.",https://www.mmobomb.com/open/second-life,Social,PC (Windows),Linden Lab,Linden Lab,2003-06-23,https://www.mmobomb.com/second-life
335,Ragnarok Online,https://www.mmobomb.com/g/335/thumbnail.jpg,Ragnarok Online is a popular free 3D fantasy MMORPG based on Norse mythology inspired by the anime written by MJ Lee. Ragnarok Online was entirely pay to play but in October 2008 gravity launched a free to play server called Valkyrie (Valkyrie Server Client).,https://www.mmobomb.com/open/ragnarok-online,MMORPG,PC (Windows),Gravity Interactive,Gravity Interactive,2003-06-01,https://www.mmobomb.com/ragnarok-online
17,Entropia Universe,https://www.mmobomb.com/g/17/thumbnail.jpg,Entropia Universe is free to play 3D Sci-Fi MMORPG with interesting economic and social features.,https://www.mmobomb.com/open/entropia-universe,MMORPG,PC (Windows),MindArk,MindArk,2003-01-30,https://www.mmobomb.com/entropia-universe
432,Habbo,https://www.mmobomb.com/g/432/thumbnail.jpg,"Habbo is a virtual hotel environment where players can socialise with each other using customized avatars called Habbos. The virtual environment features Public Rooms which are accessible to all players; and Guest Rooms, which are private user-created rooms.",https://www.mmobomb.com/open/habbo,Social,Web Browser,Sulake Corporation,Sulake Corporation,2001-09-26,https://www.mmobomb.com/habbo
336,Anarchy Online,https://www.mmobomb.com/g/336/thumbnail.jpg,"Anarchy Online is a 3D Sci-Fi MMORPG originally released in 2001 as a subscription based game, but it’s now available for free.",https://www.mmobomb.com/open/anarchy-online,MMORPG,PC (Windows),Funcom,Funcom,2001-06-27,https://www.mmobomb.com/anarchy-online
339,Tibia,https://www.mmobomb.com/g/339/thumbnail.jpg,Tibia is a classic 2D medieval MMORPG created by CipSoft.,https://www.mmobomb.com/open/tibia,MMORPG,PC (Windows),CipSoft,CipSoft,1997-01-07,https://www.mmobomb.com/tibia
